{
  "authorDailyContributionsMap": {
    "wanchinglim": [
      {
        "insertions": 2,
        "deletions": 1,
        "date": "2019-02-25",
        "commitResults": [
          {
            "hash": "4ef7aa9ff6aad0c0047ade357de62af0183eab0f",
            "message": "Updated User Guide for \"List\" command",
            "insertions": 2,
            "deletions": 0
          },
          {
            "hash": "f3b2365728d867f9c99bf2d13b0a5be630dcc479",
            "message": "Removed codacy badge from README",
            "insertions": 0,
            "deletions": 1
          }
        ]
      },
      {
        "insertions": 232,
        "deletions": 107,
        "date": "2019-03-03",
        "commitResults": [
          {
            "hash": "2b8c0c0eaf3bc86abe87efbc84e8d7f8b70151c5",
            "message": "Uploaded team portfolio documents",
            "insertions": 216,
            "deletions": 0
          },
          {
            "hash": "d640a9580d879530c43e5a207ec5d3e9b7046e64",
            "message": "Deleted johndoe.adoc",
            "insertions": 0,
            "deletions": 72
          },
          {
            "hash": "8d4d1878c4943f5885ccd2f277570456e0f43798",
            "message": "Updated wanchinglim.adoc",
            "insertions": 2,
            "deletions": 2
          },
          {
            "hash": "02fc08f5f03250e61153d969e2a379ca66dd172c",
            "message": "Updated AboutUs.adoc",
            "insertions": 14,
            "deletions": 33
          }
        ]
      },
      {
        "insertions": 78,
        "deletions": 85,
        "date": "2019-03-21",
        "commitResults": [
          {
            "hash": "fa4afd4354e61ef7843f0e2e982adfe5b16f1c98",
            "message": "Updated UserGuide.adoc",
            "insertions": 69,
            "deletions": 74
          },
          {
            "hash": "922f1d1f45752545770973a4802f730ae86e1f63",
            "message": "Updated add, edit, and summary of UserGuide.adoc",
            "insertions": 9,
            "deletions": 11
          }
        ]
      },
      {
        "insertions": 45,
        "deletions": 51,
        "date": "2019-03-30",
        "commitResults": [
          {
            "hash": "d7776fe86971aae8a6ae1264c979c4346f14e328",
            "message": "Updated UserGuide.adoc",
            "insertions": 45,
            "deletions": 51
          }
        ]
      },
      {
        "insertions": 0,
        "deletions": 8,
        "date": "2019-04-02",
        "commitResults": [
          {
            "hash": "6fa1723d22496e4cda3bbe4bdd23ec4c4b730faf",
            "message": "DeveloperGuide: Fixed formatting issues",
            "insertions": 0,
            "deletions": 8
          }
        ]
      }
    ],
    "jemine1998": [
      {
        "insertions": 387,
        "deletions": 117,
        "date": "2019-03-03",
        "commitResults": [
          {
            "hash": "bf398728b43517c222fd0ee4ca6d29d466ff94d6",
            "message": "no message",
            "insertions": 361,
            "deletions": 13
          },
          {
            "hash": "c140866f1e572a115a9a79319b92cca096d98536",
            "message": "no message",
            "insertions": 26,
            "deletions": 19
          },
          {
            "hash": "2283a0cf01f29d2b3c149058b7f2bccd041f0b8e",
            "message": "no message",
            "insertions": 0,
            "deletions": 85
          }
        ]
      },
      {
        "insertions": 2,
        "deletions": 2,
        "date": "2019-03-04",
        "commitResults": [
          {
            "hash": "b8eb4d2b39417759f6829dda1372f8ea57729eaf",
            "message": "updated display picture",
            "insertions": 1,
            "deletions": 1
          },
          {
            "hash": "9b5c20f22ba5c255e73ff5ad9d6b7de9ca67270a",
            "message": "no message",
            "insertions": 1,
            "deletions": 1
          }
        ]
      },
      {
        "insertions": 3,
        "deletions": 4,
        "date": "2019-03-12",
        "commitResults": [
          {
            "hash": "1f739a696523889c7360a2074fafc7cdd7fda046",
            "message": "Update jeminekan.adoc",
            "insertions": 2,
            "deletions": 2
          },
          {
            "hash": "58dc46df5a2247a3d054b059e591c1981dd56a79",
            "message": "Update jeminekan.adoc",
            "insertions": 1,
            "deletions": 2
          }
        ]
      },
      {
        "insertions": 263,
        "deletions": 15,
        "date": "2019-03-14",
        "commitResults": [
          {
            "hash": "52db91333d2034c080f03e4f6f6f1b99d632a60a",
            "message": "adding 2 new commands, next and previous",
            "insertions": 263,
            "deletions": 15
          }
        ]
      },
      {
        "insertions": 101,
        "deletions": 84,
        "date": "2019-03-17",
        "commitResults": [
          {
            "hash": "26bd7ca6eb59ec93fe55dacd43a61a5c9eb0facb",
            "message": "adding next command and previous command plus travis test changes",
            "insertions": 94,
            "deletions": 77
          },
          {
            "hash": "510e5abc88d6a0689138335b2c41dc9ca2729233",
            "message": "changes to new commands after refactoring",
            "insertions": 7,
            "deletions": 7
          }
        ]
      },
      {
        "insertions": 186,
        "deletions": 34,
        "date": "2019-03-28",
        "commitResults": [
          {
            "hash": "37e980553a8d525fa612b4fbd562057a66d3eb9f",
            "message": "adding a sort command",
            "insertions": 186,
            "deletions": 34
          }
        ]
      },
      {
        "insertions": 159,
        "deletions": 97,
        "date": "2019-03-29",
        "commitResults": [
          {
            "hash": "b38b91d326c65d40c23abf4e8b0f8558d4ed52f4",
            "message": "revised status foot bar UI",
            "insertions": 159,
            "deletions": 97
          }
        ]
      },
      {
        "insertions": 106,
        "deletions": 2,
        "date": "2019-03-30",
        "commitResults": [
          {
            "hash": "6862978ff4982eea9fa7e18fb6c46f242f90ae1c",
            "message": "edited difficulty",
            "insertions": 1,
            "deletions": 1
          },
          {
            "hash": "ae49e37be7f08cdcca7228896dd6f3c499ee49c5",
            "message": "added select subject command",
            "insertions": 105,
            "deletions": 1
          }
        ]
      },
      {
        "insertions": 101,
        "deletions": 28,
        "date": "2019-03-31",
        "commitResults": [
          {
            "hash": "2c28ad7c0999028e3cf0e8f36fea69c716612550",
            "message": "edited developer guide",
            "insertions": 89,
            "deletions": 11
          },
          {
            "hash": "994917342a18c1b8931f7cea074f25bdd9542177",
            "message": "no message",
            "insertions": 12,
            "deletions": 17
          }
        ]
      },
      {
        "insertions": 266,
        "deletions": 52,
        "date": "2019-04-02",
        "commitResults": [
          {
            "hash": "b9aa75fc7c4150bfaa16175e4da8403366319ab4",
            "message": "Developer Guide Change",
            "insertions": 99,
            "deletions": 24
          },
          {
            "hash": "7efe7957e5c61efeea45274c1ed645329f9bae15",
            "message": "updated",
            "insertions": 6,
            "deletions": 6
          },
          {
            "hash": "e6d44b335d85841b37a7ce9422ebf8abafa845af",
            "message": "no message",
            "insertions": 31,
            "deletions": 22
          },
          {
            "hash": "a434c87a558b72335fc8e783439434add3c317ce",
            "message": "Update jeminekan.adoc",
            "insertions": 130,
            "deletions": 0
          }
        ]
      },
      {
        "insertions": 283,
        "deletions": 97,
        "date": "2019-04-07",
        "commitResults": [
          {
            "hash": "dc4d87ee5830b0968c0bfde65dcdf997e2e35072",
            "message": "amendment in sort command",
            "insertions": 283,
            "deletions": 97
          }
        ]
      },
      {
        "insertions": 1,
        "deletions": 1,
        "date": "2019-04-08",
        "commitResults": [
          {
            "hash": "982680c09ec1b436c9c811de2b8ad39b5583317d",
            "message": "Rename jeminekan.adoc to jemine1998.adoc",
            "insertions": 0,
            "deletions": 0
          },
          {
            "hash": "b8cb49d35e49d2f366aed5d64fe0a98c6ddcdf68",
            "message": "Update AboutUs.adoc",
            "insertions": 1,
            "deletions": 1
          }
        ]
      },
      {
        "insertions": 61,
        "deletions": 28,
        "date": "2019-04-09",
        "commitResults": [
          {
            "hash": "c0faef6a51db2260e3d17ddc73552bb4b27ea9cd",
            "message": "GUI subject",
            "insertions": 61,
            "deletions": 28
          }
        ]
      }
    ],
    "dannong": [
      {
        "insertions": 59,
        "deletions": 22,
        "date": "2019-02-16",
        "commitResults": [
          {
            "hash": "ff51f87e533ebcc26a1521fbdc289e935570c392",
            "message": "Update Developer Guide",
            "insertions": 59,
            "deletions": 22
          }
        ]
      },
      {
        "insertions": 129,
        "deletions": 48,
        "date": "2019-02-17",
        "commitResults": [
          {
            "hash": "f7d4740b9e60dadff1ad357ed9ea8d17b376fbce",
            "message": "Update Developer Guide (2)",
            "insertions": 110,
            "deletions": 10
          },
          {
            "hash": "096e30995646e4984708151b9da775cd89722eb5",
            "message": "Update About Us",
            "insertions": 10,
            "deletions": 28
          },
          {
            "hash": "7d003b963f7adea72dcbed70dbd9e8b7a832772d",
            "message": "Update About Us (2)",
            "insertions": 3,
            "deletions": 3
          },
          {
            "hash": "32c4cad29a07d64f955f33462e654fa36ad6f0f0",
            "message": "Update Contact Us",
            "insertions": 1,
            "deletions": 1
          },
          {
            "hash": "a901a0fcd7427d5553d18aee14776e1f7b3d69c7",
            "message": "Update Read Me",
            "insertions": 4,
            "deletions": 5
          },
          {
            "hash": "787a7f127bb9bfd22f4512d2f2bcf5662d599e8e",
            "message": "Update Developer Guide (3)",
            "insertions": 1,
            "deletions": 1
          }
        ]
      },
      {
        "insertions": 68,
        "deletions": 186,
        "date": "2019-02-18",
        "commitResults": [
          {
            "hash": "0648efd29af5a9b861b6b85f8576321c6adc473b",
            "message": "Revert to Original",
            "insertions": 5,
            "deletions": 4
          },
          {
            "hash": "60169f746a1e3985366943bd68f8f9fd0f798d09",
            "message": "Revert to Original",
            "insertions": 33,
            "deletions": 170
          },
          {
            "hash": "da3158451ea45a12f37cd14079f7b63397dc4882",
            "message": "Revert to Original",
            "insertions": 29,
            "deletions": 11
          },
          {
            "hash": "578b15e9b02d9f8c7d9b1de5c12c69e95d6887c1",
            "message": "Revert to Original",
            "insertions": 1,
            "deletions": 1
          }
        ]
      },
      {
        "insertions": 11,
        "deletions": 10,
        "date": "2019-02-19",
        "commitResults": [
          {
            "hash": "2100e3256ad9562ca9992851a0d400b974712d9c",
            "message": "Revert \"Updates:\"",
            "insertions": 11,
            "deletions": 10
          }
        ]
      },
      {
        "insertions": 4,
        "deletions": 4,
        "date": "2019-03-03",
        "commitResults": [
          {
            "hash": "97f930e0beacb56e10fe712f81cbabb2f1cda6b1",
            "message": "Update photo for project list",
            "insertions": 1,
            "deletions": 1
          },
          {
            "hash": "87b1e2b5356986425a6c1c4c44ec34c1d9a66b28",
            "message": "Update dannicaong.adoc",
            "insertions": 3,
            "deletions": 3
          }
        ]
      },
      {
        "insertions": 25,
        "deletions": 22,
        "date": "2019-03-17",
        "commitResults": [
          {
            "hash": "693a12b89f8e152e280e7093b7312abd962c7926",
            "message": "Update Developer Guide (Shelf-Life of FlashCards)",
            "insertions": 25,
            "deletions": 22
          }
        ]
      },
      {
        "insertions": 22,
        "deletions": 25,
        "date": "2019-03-20",
        "commitResults": [
          {
            "hash": "7e2d99d1e12dffc14551d700348cc09d5aeb72a9",
            "message": "Revert Developer Guide",
            "insertions": 22,
            "deletions": 25
          }
        ]
      },
      {
        "insertions": 1,
        "deletions": 1,
        "date": "2019-04-02",
        "commitResults": [
          {
            "hash": "cda6e7276b5214511d8011a2ed109e0a072d6304",
            "message": "Update UserGuide.adoc",
            "insertions": 1,
            "deletions": 1
          }
        ]
      },
      {
        "insertions": 1,
        "deletions": 1,
        "date": "2019-04-05",
        "commitResults": [
          {
            "hash": "e3892e698256bbf7951f7481174eefbe0e0df840",
            "message": "test",
            "insertions": 1,
            "deletions": 1
          }
        ]
      }
    ]
  },
  "authorFinalContributionMap": {
    "wanchinglim": 196,
    "jemine1998": 1361,
    "dannong": 7
  },
  "authorFileFormatContributionMap": {
    "wanchinglim": {
      "adoc": 196,
      "cs": 0,
      "css": 0,
      "fxml": 0,
      "gradle": 0,
      "html": 0,
      "java": 0,
      "js": 0,
      "json": 0,
      "jsp": 0,
      "md": 0,
      "py": 0,
      "tag": 0,
      "txt": 0,
      "xml": 0
    },
    "jemine1998": {
      "adoc": 252,
      "cs": 0,
      "css": 0,
      "fxml": 1,
      "gradle": 0,
      "html": 0,
      "java": 1099,
      "js": 0,
      "json": 9,
      "jsp": 0,
      "md": 0,
      "py": 0,
      "tag": 0,
      "txt": 0,
      "xml": 0
    },
    "dannong": {
      "adoc": 7,
      "cs": 0,
      "css": 0,
      "fxml": 0,
      "gradle": 0,
      "html": 0,
      "java": 0,
      "js": 0,
      "json": 0,
      "jsp": 0,
      "md": 0,
      "py": 0,
      "tag": 0,
      "txt": 0,
      "xml": 0
    }
  },
  "authorContributionVariance": {
    "wanchinglim": 2449.0334,
    "jemine1998": 11136.201,
    "dannong": 1701.9692
  },
  "authorDisplayNameMap": {
    "wanchinglim": "LIM...ING",
    "jemine1998": "JEM...KAN",
    "dannong": "DAN...YUN"
  }
}
