{
  "authorDailyContributionsMap": {
    "liguanlong": [
      {
        "insertions": 0,
        "deletions": 0,
        "date": "2019-02-10",
        "commitResults": []
      },
      {
        "insertions": 0,
        "deletions": 0,
        "date": "2019-02-11",
        "commitResults": []
      },
      {
        "insertions": 0,
        "deletions": 0,
        "date": "2019-02-12",
        "commitResults": []
      },
      {
        "insertions": 0,
        "deletions": 0,
        "date": "2019-02-13",
        "commitResults": []
      },
      {
        "insertions": 0,
        "deletions": 0,
        "date": "2019-02-14",
        "commitResults": []
      },
      {
        "insertions": 0,
        "deletions": 0,
        "date": "2019-02-15",
        "commitResults": []
      },
      {
        "insertions": 0,
        "deletions": 0,
        "date": "2019-02-16",
        "commitResults": []
      },
      {
        "insertions": 0,
        "deletions": 0,
        "date": "2019-02-17",
        "commitResults": []
      },
      {
        "insertions": 0,
        "deletions": 0,
        "date": "2019-02-18",
        "commitResults": []
      },
      {
        "insertions": 0,
        "deletions": 0,
        "date": "2019-02-19",
        "commitResults": []
      },
      {
        "insertions": 0,
        "deletions": 0,
        "date": "2019-02-20",
        "commitResults": []
      },
      {
        "insertions": 0,
        "deletions": 0,
        "date": "2019-02-21",
        "commitResults": []
      },
      {
        "insertions": 0,
        "deletions": 0,
        "date": "2019-02-22",
        "commitResults": []
      },
      {
        "insertions": 0,
        "deletions": 0,
        "date": "2019-02-23",
        "commitResults": []
      },
      {
        "insertions": 0,
        "deletions": 0,
        "date": "2019-02-24",
        "commitResults": []
      },
      {
        "insertions": 0,
        "deletions": 0,
        "date": "2019-02-25",
        "commitResults": []
      },
      {
        "insertions": 0,
        "deletions": 0,
        "date": "2019-02-26",
        "commitResults": []
      },
      {
        "insertions": 0,
        "deletions": 0,
        "date": "2019-02-27",
        "commitResults": []
      },
      {
        "insertions": 0,
        "deletions": 0,
        "date": "2019-02-28",
        "commitResults": []
      },
      {
        "insertions": 0,
        "deletions": 0,
        "date": "2019-03-01",
        "commitResults": []
      },
      {
        "insertions": 0,
        "deletions": 0,
        "date": "2019-03-02",
        "commitResults": []
      },
      {
        "insertions": 126,
        "deletions": 8,
        "date": "2019-03-03",
        "commitResults": [
          {
            "hash": "6da8dd01f252f8956e8c2ac888ee451b9014dd7a",
            "message": "Added a login feature",
            "insertions": 70,
            "deletions": 8
          },
          {
            "hash": "66f5e50c31d55e10ddf63c4ab6dace6c5b0b6bb8",
            "message": "Update UserGuide.adoc",
            "insertions": 15,
            "deletions": 0
          },
          {
            "hash": "50e191182dc793c6f6ccd73cd559ebc2b04f5eff",
            "message": "Added the test for Login class",
            "insertions": 41,
            "deletions": 0
          }
        ]
      },
      {
        "insertions": 0,
        "deletions": 0,
        "date": "2019-03-04",
        "commitResults": []
      },
      {
        "insertions": 0,
        "deletions": 0,
        "date": "2019-03-05",
        "commitResults": []
      },
      {
        "insertions": 0,
        "deletions": 0,
        "date": "2019-03-06",
        "commitResults": []
      },
      {
        "insertions": 0,
        "deletions": 0,
        "date": "2019-03-07",
        "commitResults": []
      },
      {
        "insertions": 0,
        "deletions": 0,
        "date": "2019-03-08",
        "commitResults": []
      },
      {
        "insertions": 0,
        "deletions": 0,
        "date": "2019-03-09",
        "commitResults": []
      },
      {
        "insertions": 0,
        "deletions": 0,
        "date": "2019-03-10",
        "commitResults": []
      },
      {
        "insertions": 30,
        "deletions": 4,
        "date": "2019-03-11",
        "commitResults": [
          {
            "hash": "69cac52629c39c89b8818c0baa37ba29e6bdb9f9",
            "message": "Update on registration",
            "insertions": 21,
            "deletions": 3
          },
          {
            "hash": "c92738fc3fe29a0d2e636b3b6acca437c85e8bbf",
            "message": "Update the test on registration",
            "insertions": 9,
            "deletions": 1
          }
        ]
      },
      {
        "insertions": 0,
        "deletions": 0,
        "date": "2019-03-12",
        "commitResults": []
      },
      {
        "insertions": 0,
        "deletions": 0,
        "date": "2019-03-13",
        "commitResults": []
      },
      {
        "insertions": 0,
        "deletions": 0,
        "date": "2019-03-14",
        "commitResults": []
      },
      {
        "insertions": 0,
        "deletions": 0,
        "date": "2019-03-15",
        "commitResults": []
      },
      {
        "insertions": 0,
        "deletions": 0,
        "date": "2019-03-16",
        "commitResults": []
      },
      {
        "insertions": 0,
        "deletions": 0,
        "date": "2019-03-17",
        "commitResults": []
      },
      {
        "insertions": 22,
        "deletions": 28,
        "date": "2019-03-18",
        "commitResults": [
          {
            "hash": "8d3e9e7451df8741acd6848ea24a9e643221fff9",
            "message": "update on login feature",
            "insertions": 22,
            "deletions": 22
          },
          {
            "hash": "9b50928cff1e7c73670f80b95a12c8bbf158c096",
            "message": "upadte on login variable name",
            "insertions": 0,
            "deletions": 6
          }
        ]
      },
      {
        "insertions": 0,
        "deletions": 0,
        "date": "2019-03-19",
        "commitResults": []
      },
      {
        "insertions": 0,
        "deletions": 0,
        "date": "2019-03-20",
        "commitResults": []
      },
      {
        "insertions": 0,
        "deletions": 0,
        "date": "2019-03-21",
        "commitResults": []
      },
      {
        "insertions": 0,
        "deletions": 0,
        "date": "2019-03-22",
        "commitResults": []
      },
      {
        "insertions": 0,
        "deletions": 0,
        "date": "2019-03-23",
        "commitResults": []
      },
      {
        "insertions": 0,
        "deletions": 0,
        "date": "2019-03-24",
        "commitResults": []
      },
      {
        "insertions": 1352,
        "deletions": 93,
        "date": "2019-03-25",
        "commitResults": [
          {
            "hash": "f6662664885d5cea92eb4212221215fdcbe40e49",
            "message": "start",
            "insertions": 1319,
            "deletions": 91
          },
          {
            "hash": "04284b15fd9f01b829d2a723c59997cb0eb0621e",
            "message": "Added store/load accounts feature",
            "insertions": 33,
            "deletions": 2
          }
        ]
      },
      {
        "insertions": 0,
        "deletions": 0,
        "date": "2019-03-26",
        "commitResults": []
      },
      {
        "insertions": 0,
        "deletions": 0,
        "date": "2019-03-27",
        "commitResults": []
      },
      {
        "insertions": 0,
        "deletions": 0,
        "date": "2019-03-28",
        "commitResults": []
      },
      {
        "insertions": 0,
        "deletions": 0,
        "date": "2019-03-29",
        "commitResults": []
      },
      {
        "insertions": 0,
        "deletions": 0,
        "date": "2019-03-30",
        "commitResults": []
      },
      {
        "insertions": 174,
        "deletions": 46,
        "date": "2019-03-31",
        "commitResults": [
          {
            "hash": "3aa6a091c86a21fa7fd7f0345aa358c963c26299",
            "message": "update",
            "insertions": 117,
            "deletions": 18
          },
          {
            "hash": "bd52498134bd924219c6fc0285aa89c4444f8f71",
            "message": "Update on Password Security",
            "insertions": 55,
            "deletions": 28
          },
          {
            "hash": "4fc304ac9c105dabc8a6648f682adb51c4b61656",
            "message": "Update",
            "insertions": 2,
            "deletions": 0
          }
        ]
      },
      {
        "insertions": 0,
        "deletions": 0,
        "date": "2019-04-01",
        "commitResults": []
      },
      {
        "insertions": 0,
        "deletions": 0,
        "date": "2019-04-02",
        "commitResults": []
      },
      {
        "insertions": 0,
        "deletions": 0,
        "date": "2019-04-03",
        "commitResults": []
      },
      {
        "insertions": 0,
        "deletions": 0,
        "date": "2019-04-04",
        "commitResults": []
      },
      {
        "insertions": 0,
        "deletions": 0,
        "date": "2019-04-05",
        "commitResults": []
      },
      {
        "insertions": 0,
        "deletions": 0,
        "date": "2019-04-06",
        "commitResults": []
      },
      {
        "insertions": 0,
        "deletions": 0,
        "date": "2019-04-07",
        "commitResults": []
      }
    ],
    "shawn-t": [
      {
        "insertions": 0,
        "deletions": 0,
        "date": "2019-02-10",
        "commitResults": []
      },
      {
        "insertions": 0,
        "deletions": 0,
        "date": "2019-02-11",
        "commitResults": []
      },
      {
        "insertions": 0,
        "deletions": 0,
        "date": "2019-02-12",
        "commitResults": []
      },
      {
        "insertions": 0,
        "deletions": 0,
        "date": "2019-02-13",
        "commitResults": []
      },
      {
        "insertions": 0,
        "deletions": 0,
        "date": "2019-02-14",
        "commitResults": []
      },
      {
        "insertions": 0,
        "deletions": 0,
        "date": "2019-02-15",
        "commitResults": []
      },
      {
        "insertions": 0,
        "deletions": 0,
        "date": "2019-02-16",
        "commitResults": []
      },
      {
        "insertions": 0,
        "deletions": 0,
        "date": "2019-02-17",
        "commitResults": []
      },
      {
        "insertions": 0,
        "deletions": 0,
        "date": "2019-02-18",
        "commitResults": []
      },
      {
        "insertions": 0,
        "deletions": 0,
        "date": "2019-02-19",
        "commitResults": []
      },
      {
        "insertions": 0,
        "deletions": 0,
        "date": "2019-02-20",
        "commitResults": []
      },
      {
        "insertions": 0,
        "deletions": 0,
        "date": "2019-02-21",
        "commitResults": []
      },
      {
        "insertions": 0,
        "deletions": 0,
        "date": "2019-02-22",
        "commitResults": []
      },
      {
        "insertions": 0,
        "deletions": 0,
        "date": "2019-02-23",
        "commitResults": []
      },
      {
        "insertions": 0,
        "deletions": 0,
        "date": "2019-02-24",
        "commitResults": []
      },
      {
        "insertions": 0,
        "deletions": 0,
        "date": "2019-02-25",
        "commitResults": []
      },
      {
        "insertions": 0,
        "deletions": 0,
        "date": "2019-02-26",
        "commitResults": []
      },
      {
        "insertions": 0,
        "deletions": 0,
        "date": "2019-02-27",
        "commitResults": []
      },
      {
        "insertions": 0,
        "deletions": 0,
        "date": "2019-02-28",
        "commitResults": []
      },
      {
        "insertions": 0,
        "deletions": 0,
        "date": "2019-03-01",
        "commitResults": []
      },
      {
        "insertions": 0,
        "deletions": 0,
        "date": "2019-03-02",
        "commitResults": []
      },
      {
        "insertions": 0,
        "deletions": 0,
        "date": "2019-03-03",
        "commitResults": []
      },
      {
        "insertions": 35,
        "deletions": 0,
        "date": "2019-03-04",
        "commitResults": [
          {
            "hash": "ca2a1d740a7baca090ff64a78be9e50d774c19b9",
            "message": "length command",
            "insertions": 34,
            "deletions": 0
          },
          {
            "hash": "b492fc1e51c271977ebb58ba59dded5372078cc4",
            "message": "length command added",
            "insertions": 1,
            "deletions": 0
          }
        ]
      },
      {
        "insertions": 0,
        "deletions": 0,
        "date": "2019-03-05",
        "commitResults": []
      },
      {
        "insertions": 0,
        "deletions": 0,
        "date": "2019-03-06",
        "commitResults": []
      },
      {
        "insertions": 0,
        "deletions": 0,
        "date": "2019-03-07",
        "commitResults": []
      },
      {
        "insertions": 0,
        "deletions": 0,
        "date": "2019-03-08",
        "commitResults": []
      },
      {
        "insertions": 0,
        "deletions": 0,
        "date": "2019-03-09",
        "commitResults": []
      },
      {
        "insertions": 0,
        "deletions": 0,
        "date": "2019-03-10",
        "commitResults": []
      },
      {
        "insertions": 0,
        "deletions": 0,
        "date": "2019-03-11",
        "commitResults": []
      },
      {
        "insertions": 0,
        "deletions": 0,
        "date": "2019-03-12",
        "commitResults": []
      },
      {
        "insertions": 0,
        "deletions": 0,
        "date": "2019-03-13",
        "commitResults": []
      },
      {
        "insertions": 0,
        "deletions": 0,
        "date": "2019-03-14",
        "commitResults": []
      },
      {
        "insertions": 0,
        "deletions": 0,
        "date": "2019-03-15",
        "commitResults": []
      },
      {
        "insertions": 178,
        "deletions": 38,
        "date": "2019-03-16",
        "commitResults": [
          {
            "hash": "a90ee76bb413e9779e2f1e244c18c6e948638e03",
            "message": "Update DeveloperGuide.adoc",
            "insertions": 1,
            "deletions": 1
          },
          {
            "hash": "b47f192aec909bc155d7872c7f68b7aba486ce20",
            "message": "Update DeveloperGuide.adoc",
            "insertions": 4,
            "deletions": 4
          },
          {
            "hash": "0e60a303fd163097081aeb84fa33e5fd71f2654f",
            "message": "Update DeveloperGuide.adoc",
            "insertions": 18,
            "deletions": 0
          },
          {
            "hash": "3a0ebf9e5f3d79b7e1b135542311aefdae061ca7",
            "message": "Update DeveloperGuide.adoc",
            "insertions": 0,
            "deletions": 4
          },
          {
            "hash": "d2e5619f11a8d729acaa6facf3338bab094e8508",
            "message": "Update DeveloperGuide.adoc",
            "insertions": 5,
            "deletions": 1
          },
          {
            "hash": "81ed4a12828b1ab6ea84c61a09a3e29c55224444",
            "message": "Update DeveloperGuide.adoc",
            "insertions": 147,
            "deletions": 25
          },
          {
            "hash": "a3e3dbce1fa8fdba10e4ea64e86fcfb956ab68d6",
            "message": "Update DeveloperGuide.adoc",
            "insertions": 3,
            "deletions": 3
          }
        ]
      },
      {
        "insertions": 0,
        "deletions": 0,
        "date": "2019-03-17",
        "commitResults": []
      },
      {
        "insertions": 174,
        "deletions": 16,
        "date": "2019-03-18",
        "commitResults": [
          {
            "hash": "6bf143b9fe930eddf8c6edcfd7eba204d0352a56",
            "message": "test branch commit",
            "insertions": 1,
            "deletions": 1
          },
          {
            "hash": "16e2724d89d4f9c243c11c7d5e128410dc8cd818",
            "message": "Dummy Refer Command Implementation",
            "insertions": 147,
            "deletions": 5
          },
          {
            "hash": "976e97f0f0366a87396154b078d10b19a4ca4544",
            "message": "user guide and help command helplist updated",
            "insertions": 6,
            "deletions": 0
          },
          {
            "hash": "b736ad7cfa2fc359379bde7f2b52bd5acda8e7e5",
            "message": "Update UserGuide.adoc",
            "insertions": 1,
            "deletions": 1
          },
          {
            "hash": "e51a10cb2b193c785f2965d60e7f86d2e8ba949e",
            "message": "Update UserGuide.adoc",
            "insertions": 3,
            "deletions": 3
          },
          {
            "hash": "4e66c7df2af94fc76009d1aaaab323518011f5c1",
            "message": "Update DeveloperGuide.adoc",
            "insertions": 5,
            "deletions": 0
          },
          {
            "hash": "f7f5e7c654d99d6cbe00c918ea67ec569e7d500b",
            "message": "slighty modification to dummy refer command",
            "insertions": 11,
            "deletions": 6
          }
        ]
      },
      {
        "insertions": 0,
        "deletions": 0,
        "date": "2019-03-19",
        "commitResults": []
      },
      {
        "insertions": 0,
        "deletions": 0,
        "date": "2019-03-20",
        "commitResults": []
      },
      {
        "insertions": 0,
        "deletions": 0,
        "date": "2019-03-21",
        "commitResults": []
      },
      {
        "insertions": 0,
        "deletions": 0,
        "date": "2019-03-22",
        "commitResults": []
      },
      {
        "insertions": 0,
        "deletions": 0,
        "date": "2019-03-23",
        "commitResults": []
      },
      {
        "insertions": 0,
        "deletions": 0,
        "date": "2019-03-24",
        "commitResults": []
      },
      {
        "insertions": 0,
        "deletions": 0,
        "date": "2019-03-25",
        "commitResults": []
      },
      {
        "insertions": 0,
        "deletions": 0,
        "date": "2019-03-26",
        "commitResults": []
      },
      {
        "insertions": 0,
        "deletions": 0,
        "date": "2019-03-27",
        "commitResults": []
      },
      {
        "insertions": 0,
        "deletions": 0,
        "date": "2019-03-28",
        "commitResults": []
      },
      {
        "insertions": 0,
        "deletions": 0,
        "date": "2019-03-29",
        "commitResults": []
      },
      {
        "insertions": 0,
        "deletions": 0,
        "date": "2019-03-30",
        "commitResults": []
      },
      {
        "insertions": 0,
        "deletions": 0,
        "date": "2019-03-31",
        "commitResults": []
      },
      {
        "insertions": 97,
        "deletions": 67,
        "date": "2019-04-01",
        "commitResults": [
          {
            "hash": "ba34a7fef7c6dc505a3671c66416cda141694f94",
            "message": "Implemented Refer Command",
            "insertions": 65,
            "deletions": 61
          },
          {
            "hash": "741958db1ce28bc2bfd4e998361b7582c15c6496",
            "message": "Updated User Guide Updated Developer Guide",
            "insertions": 32,
            "deletions": 6
          }
        ]
      },
      {
        "insertions": 176,
        "deletions": 51,
        "date": "2019-04-02",
        "commitResults": [
          {
            "hash": "3ce5761d8418fcdf98762b4d74d03a3af9bcbe58",
            "message": "Create shawn-t.adoc",
            "insertions": 1,
            "deletions": 0
          },
          {
            "hash": "6ece849dd8812694b05ee0753090e4fb3f63f7b1",
            "message": "Updated shawn-t portfolio",
            "insertions": 41,
            "deletions": 0
          },
          {
            "hash": "3c360142864114d30591f459659671d4add4f2be",
            "message": "Reformatted Project Portfolio",
            "insertions": 31,
            "deletions": 21
          },
          {
            "hash": "b7f18678d5465e4d53f54fdbf5087de920e3bed1",
            "message": "Folio Update 2.0",
            "insertions": 3,
            "deletions": 3
          },
          {
            "hash": "642e1438a4ed80584d2757da4e00075195a1b76b",
            "message": "test edit",
            "insertions": 1,
            "deletions": 1
          },
          {
            "hash": "cb9c6a2196bcc393fcd57081b3e6422d0f445240",
            "message": "test edit 2",
            "insertions": 4,
            "deletions": 2
          },
          {
            "hash": "2f82ceeb01d522375d7d8fda3455248f8f988125",
            "message": "undo test edit",
            "insertions": 15,
            "deletions": 12
          },
          {
            "hash": "c4f6d8a8a2fb63a0e5d95fa00db978f4207e745b",
            "message": "no message",
            "insertions": 80,
            "deletions": 2
          },
          {
            "hash": "63c722659614c1710c8413f74f43ec25bb200229",
            "message": "Update shawn-t.adoc",
            "insertions": 0,
            "deletions": 10
          }
        ]
      },
      {
        "insertions": 0,
        "deletions": 0,
        "date": "2019-04-03",
        "commitResults": []
      },
      {
        "insertions": 0,
        "deletions": 0,
        "date": "2019-04-04",
        "commitResults": []
      },
      {
        "insertions": 0,
        "deletions": 0,
        "date": "2019-04-05",
        "commitResults": []
      },
      {
        "insertions": 63,
        "deletions": 30,
        "date": "2019-04-06",
        "commitResults": [
          {
            "hash": "61182e2a8a033d86f4af62c97be63a90d0463420",
            "message": "Updated Refer success messages",
            "insertions": 63,
            "deletions": 30
          }
        ]
      },
      {
        "insertions": 6,
        "deletions": 5,
        "date": "2019-04-07",
        "commitResults": [
          {
            "hash": "9e383eec35073133022ffda9e1e615fe27c3fa06",
            "message": "refer command bug fixed (able to refer even if name appears as keyword in other entries)",
            "insertions": 6,
            "deletions": 5
          }
        ]
      }
    ],
    "matthiaslum": [
      {
        "insertions": 0,
        "deletions": 0,
        "date": "2019-02-10",
        "commitResults": []
      },
      {
        "insertions": 0,
        "deletions": 0,
        "date": "2019-02-11",
        "commitResults": []
      },
      {
        "insertions": 0,
        "deletions": 0,
        "date": "2019-02-12",
        "commitResults": []
      },
      {
        "insertions": 0,
        "deletions": 0,
        "date": "2019-02-13",
        "commitResults": []
      },
      {
        "insertions": 0,
        "deletions": 0,
        "date": "2019-02-14",
        "commitResults": []
      },
      {
        "insertions": 0,
        "deletions": 0,
        "date": "2019-02-15",
        "commitResults": []
      },
      {
        "insertions": 0,
        "deletions": 0,
        "date": "2019-02-16",
        "commitResults": []
      },
      {
        "insertions": 0,
        "deletions": 0,
        "date": "2019-02-17",
        "commitResults": []
      },
      {
        "insertions": 0,
        "deletions": 0,
        "date": "2019-02-18",
        "commitResults": []
      },
      {
        "insertions": 0,
        "deletions": 0,
        "date": "2019-02-19",
        "commitResults": []
      },
      {
        "insertions": 0,
        "deletions": 0,
        "date": "2019-02-20",
        "commitResults": []
      },
      {
        "insertions": 0,
        "deletions": 0,
        "date": "2019-02-21",
        "commitResults": []
      },
      {
        "insertions": 0,
        "deletions": 0,
        "date": "2019-02-22",
        "commitResults": []
      },
      {
        "insertions": 0,
        "deletions": 0,
        "date": "2019-02-23",
        "commitResults": []
      },
      {
        "insertions": 0,
        "deletions": 0,
        "date": "2019-02-24",
        "commitResults": []
      },
      {
        "insertions": 0,
        "deletions": 0,
        "date": "2019-02-25",
        "commitResults": []
      },
      {
        "insertions": 0,
        "deletions": 0,
        "date": "2019-02-26",
        "commitResults": []
      },
      {
        "insertions": 0,
        "deletions": 0,
        "date": "2019-02-27",
        "commitResults": []
      },
      {
        "insertions": 0,
        "deletions": 0,
        "date": "2019-02-28",
        "commitResults": []
      },
      {
        "insertions": 0,
        "deletions": 0,
        "date": "2019-03-01",
        "commitResults": []
      },
      {
        "insertions": 0,
        "deletions": 0,
        "date": "2019-03-02",
        "commitResults": []
      },
      {
        "insertions": 0,
        "deletions": 0,
        "date": "2019-03-03",
        "commitResults": []
      },
      {
        "insertions": 149,
        "deletions": 38,
        "date": "2019-03-04",
        "commitResults": [
          {
            "hash": "2084a56fe7f9843fd1c79299a99800d5359700ca",
            "message": "Added appointment class",
            "insertions": 108,
            "deletions": 16
          },
          {
            "hash": "40e1804bbdf9f35d00b73945e989c21b76f13e14",
            "message": "Update UserGuide.adoc",
            "insertions": 3,
            "deletions": 3
          },
          {
            "hash": "2a0b39456909cc46d81908cde9275b71064c64bd",
            "message": "Update UserGuide.adoc",
            "insertions": 3,
            "deletions": 3
          },
          {
            "hash": "38d6cace74e8c682a7ec5eed628a36e02d6e3ed6",
            "message": "Update UserGuide.adoc",
            "insertions": 3,
            "deletions": 0
          },
          {
            "hash": "914a199b85e058c6000606b3442e347ccf39eb41",
            "message": "Update UserGuide.adoc",
            "insertions": 18,
            "deletions": 3
          },
          {
            "hash": "bec5280daa25258c34a15c5770ac89b451769893",
            "message": "Update UserGuide.adoc",
            "insertions": 5,
            "deletions": 5
          },
          {
            "hash": "a7be2ab08eac40ed034639979b0f9bc916d539a6",
            "message": "Update UserGuide.adoc",
            "insertions": 3,
            "deletions": 3
          },
          {
            "hash": "9a1f0c2ed3328cb866be0b1b5149638b041d73eb",
            "message": "Update UserGuide.adoc",
            "insertions": 3,
            "deletions": 2
          },
          {
            "hash": "269dd928a00821319acba51422198787fd3e14ef",
            "message": "Update UserGuide.adoc",
            "insertions": 2,
            "deletions": 2
          },
          {
            "hash": "d02c5c257aabceeda47fe3db84c70b906188d000",
            "message": "Update UserGuide.adoc",
            "insertions": 1,
            "deletions": 1
          }
        ]
      },
      {
        "insertions": 0,
        "deletions": 0,
        "date": "2019-03-05",
        "commitResults": []
      },
      {
        "insertions": 0,
        "deletions": 0,
        "date": "2019-03-06",
        "commitResults": []
      },
      {
        "insertions": 0,
        "deletions": 0,
        "date": "2019-03-07",
        "commitResults": []
      },
      {
        "insertions": 0,
        "deletions": 0,
        "date": "2019-03-08",
        "commitResults": []
      },
      {
        "insertions": 0,
        "deletions": 0,
        "date": "2019-03-09",
        "commitResults": []
      },
      {
        "insertions": 0,
        "deletions": 0,
        "date": "2019-03-10",
        "commitResults": []
      },
      {
        "insertions": 0,
        "deletions": 0,
        "date": "2019-03-11",
        "commitResults": []
      },
      {
        "insertions": 0,
        "deletions": 0,
        "date": "2019-03-12",
        "commitResults": []
      },
      {
        "insertions": 0,
        "deletions": 0,
        "date": "2019-03-13",
        "commitResults": []
      },
      {
        "insertions": 0,
        "deletions": 0,
        "date": "2019-03-14",
        "commitResults": []
      },
      {
        "insertions": 0,
        "deletions": 0,
        "date": "2019-03-15",
        "commitResults": []
      },
      {
        "insertions": 379,
        "deletions": 46,
        "date": "2019-03-16",
        "commitResults": [
          {
            "hash": "072c4fdf71d75af7a58e33e1974b9490db339b51",
            "message": "Added a command that prints the appointment schedule",
            "insertions": 377,
            "deletions": 45
          },
          {
            "hash": "a1d10445c34abc91b787bf1ab5a184d6937a120b",
            "message": "Update Command.java",
            "insertions": 2,
            "deletions": 1
          }
        ]
      },
      {
        "insertions": 0,
        "deletions": 0,
        "date": "2019-03-17",
        "commitResults": []
      },
      {
        "insertions": 35,
        "deletions": 4,
        "date": "2019-03-18",
        "commitResults": [
          {
            "hash": "6f6263c9ced39ddb94eea659a3dc06bb26b2b220",
            "message": "Update DeveloperGuide.adoc",
            "insertions": 28,
            "deletions": 0
          },
          {
            "hash": "39c94b31db1bac6535fa711d7e59937dc53ecd00",
            "message": "Update DeveloperGuide.adoc",
            "insertions": 1,
            "deletions": 0
          },
          {
            "hash": "7831df8f51c5a9e9dca657df3d28a8bd6929c8e9",
            "message": "Update DeveloperGuide.adoc",
            "insertions": 1,
            "deletions": 1
          },
          {
            "hash": "ea645bbd84d1d6c6a6aedd6fba2e80b1c3ab9323",
            "message": "Update UserGuide.adoc",
            "insertions": 5,
            "deletions": 3
          }
        ]
      },
      {
        "insertions": 63,
        "deletions": 4,
        "date": "2019-03-19",
        "commitResults": [
          {
            "hash": "2eeb9025746a4b32745be712b718cd31a4200c71",
            "message": "Update DeveloperGuide.adoc",
            "insertions": 50,
            "deletions": 2
          },
          {
            "hash": "bc4006d791a4d03251e5ba8aba2c990faeb4ca49",
            "message": "Update UserGuide.adoc",
            "insertions": 11,
            "deletions": 0
          },
          {
            "hash": "cf2ed3fe10943c0e61f5a8743f67992099f2da8b",
            "message": "Update UserGuide.adoc",
            "insertions": 1,
            "deletions": 1
          },
          {
            "hash": "58e9f7f643c0801780407bc3f10bb18d12bbfcb6",
            "message": "Update UserGuide.adoc",
            "insertions": 1,
            "deletions": 1
          }
        ]
      },
      {
        "insertions": 0,
        "deletions": 0,
        "date": "2019-03-20",
        "commitResults": []
      },
      {
        "insertions": 0,
        "deletions": 0,
        "date": "2019-03-21",
        "commitResults": []
      },
      {
        "insertions": 0,
        "deletions": 0,
        "date": "2019-03-22",
        "commitResults": []
      },
      {
        "insertions": 0,
        "deletions": 0,
        "date": "2019-03-23",
        "commitResults": []
      },
      {
        "insertions": 0,
        "deletions": 0,
        "date": "2019-03-24",
        "commitResults": []
      },
      {
        "insertions": 0,
        "deletions": 0,
        "date": "2019-03-25",
        "commitResults": []
      },
      {
        "insertions": 0,
        "deletions": 0,
        "date": "2019-03-26",
        "commitResults": []
      },
      {
        "insertions": 0,
        "deletions": 0,
        "date": "2019-03-27",
        "commitResults": []
      },
      {
        "insertions": 0,
        "deletions": 0,
        "date": "2019-03-28",
        "commitResults": []
      },
      {
        "insertions": 0,
        "deletions": 0,
        "date": "2019-03-29",
        "commitResults": []
      },
      {
        "insertions": 0,
        "deletions": 0,
        "date": "2019-03-30",
        "commitResults": []
      },
      {
        "insertions": 0,
        "deletions": 0,
        "date": "2019-03-31",
        "commitResults": []
      },
      {
        "insertions": 73,
        "deletions": 24,
        "date": "2019-04-01",
        "commitResults": [
          {
            "hash": "c63256a2e2f41e29c842f81ca31ba4b99dde1fba",
            "message": "fixed v1.3 bug and enhanced appointments to include time, updated user/developer guide",
            "insertions": 73,
            "deletions": 24
          }
        ]
      },
      {
        "insertions": 0,
        "deletions": 0,
        "date": "2019-04-02",
        "commitResults": []
      },
      {
        "insertions": 0,
        "deletions": 0,
        "date": "2019-04-03",
        "commitResults": []
      },
      {
        "insertions": 0,
        "deletions": 0,
        "date": "2019-04-04",
        "commitResults": []
      },
      {
        "insertions": 0,
        "deletions": 0,
        "date": "2019-04-05",
        "commitResults": []
      },
      {
        "insertions": 0,
        "deletions": 0,
        "date": "2019-04-06",
        "commitResults": []
      },
      {
        "insertions": 0,
        "deletions": 0,
        "date": "2019-04-07",
        "commitResults": []
      }
    ],
    "WuPeiHsuan": [
      {
        "insertions": 0,
        "deletions": 0,
        "date": "2019-02-10",
        "commitResults": []
      },
      {
        "insertions": 0,
        "deletions": 0,
        "date": "2019-02-11",
        "commitResults": []
      },
      {
        "insertions": 0,
        "deletions": 0,
        "date": "2019-02-12",
        "commitResults": []
      },
      {
        "insertions": 0,
        "deletions": 0,
        "date": "2019-02-13",
        "commitResults": []
      },
      {
        "insertions": 0,
        "deletions": 0,
        "date": "2019-02-14",
        "commitResults": []
      },
      {
        "insertions": 0,
        "deletions": 0,
        "date": "2019-02-15",
        "commitResults": []
      },
      {
        "insertions": 0,
        "deletions": 0,
        "date": "2019-02-16",
        "commitResults": []
      },
      {
        "insertions": 0,
        "deletions": 0,
        "date": "2019-02-17",
        "commitResults": []
      },
      {
        "insertions": 0,
        "deletions": 0,
        "date": "2019-02-18",
        "commitResults": []
      },
      {
        "insertions": 0,
        "deletions": 0,
        "date": "2019-02-19",
        "commitResults": []
      },
      {
        "insertions": 0,
        "deletions": 0,
        "date": "2019-02-20",
        "commitResults": []
      },
      {
        "insertions": 0,
        "deletions": 0,
        "date": "2019-02-21",
        "commitResults": []
      },
      {
        "insertions": 0,
        "deletions": 0,
        "date": "2019-02-22",
        "commitResults": []
      },
      {
        "insertions": 0,
        "deletions": 0,
        "date": "2019-02-23",
        "commitResults": []
      },
      {
        "insertions": 0,
        "deletions": 0,
        "date": "2019-02-24",
        "commitResults": []
      },
      {
        "insertions": 0,
        "deletions": 0,
        "date": "2019-02-25",
        "commitResults": []
      },
      {
        "insertions": 0,
        "deletions": 0,
        "date": "2019-02-26",
        "commitResults": []
      },
      {
        "insertions": 0,
        "deletions": 0,
        "date": "2019-02-27",
        "commitResults": []
      },
      {
        "insertions": 0,
        "deletions": 0,
        "date": "2019-02-28",
        "commitResults": []
      },
      {
        "insertions": 0,
        "deletions": 0,
        "date": "2019-03-01",
        "commitResults": []
      },
      {
        "insertions": 0,
        "deletions": 0,
        "date": "2019-03-02",
        "commitResults": []
      },
      {
        "insertions": 0,
        "deletions": 0,
        "date": "2019-03-03",
        "commitResults": []
      },
      {
        "insertions": 47,
        "deletions": 27,
        "date": "2019-03-04",
        "commitResults": [
          {
            "hash": "05edbac021bf2c5c6d7b0c3ca8d8b749c2ed7dc1",
            "message": "Update README.adoc",
            "insertions": 6,
            "deletions": 17
          },
          {
            "hash": "85fe342848ad4cf2dd9f0887ea570ea5abbc8c14",
            "message": "Update README.adoc",
            "insertions": 1,
            "deletions": 1
          },
          {
            "hash": "4022bf6017e8ed4b59c9e990da7ac37a58ec6f97",
            "message": "Update README.adoc",
            "insertions": 1,
            "deletions": 1
          },
          {
            "hash": "e8d14436b5075cad6207924c6586b7f6226e580d",
            "message": "Update README.adoc",
            "insertions": 1,
            "deletions": 1
          },
          {
            "hash": "2972c82b5eb168ae52c5adfead45786a059f9808",
            "message": "Update README.adoc",
            "insertions": 3,
            "deletions": 6
          },
          {
            "hash": "ce85f08504cc8cabf300ae3fa830e192ba0d3c8c",
            "message": "Update README.adoc",
            "insertions": 1,
            "deletions": 1
          },
          {
            "hash": "605e6f4482197c2e4fd731b3c6cb81e2e462b498",
            "message": "Update README.adoc",
            "insertions": 1,
            "deletions": 0
          },
          {
            "hash": "7484305332e5ce8cad4b1ae94281e78b6f1a3571",
            "message": "Update DeveloperGuide.adoc",
            "insertions": 33,
            "deletions": 0
          }
        ]
      },
      {
        "insertions": 2,
        "deletions": 2,
        "date": "2019-03-05",
        "commitResults": [
          {
            "hash": "04fce55bc0aeb3dcb45afd3a58da5f4789c57b05",
            "message": "Update AboutUs.adoc",
            "insertions": 2,
            "deletions": 2
          }
        ]
      },
      {
        "insertions": 0,
        "deletions": 0,
        "date": "2019-03-06",
        "commitResults": []
      },
      {
        "insertions": 0,
        "deletions": 0,
        "date": "2019-03-07",
        "commitResults": []
      },
      {
        "insertions": 0,
        "deletions": 0,
        "date": "2019-03-08",
        "commitResults": []
      },
      {
        "insertions": 0,
        "deletions": 0,
        "date": "2019-03-09",
        "commitResults": []
      },
      {
        "insertions": 0,
        "deletions": 0,
        "date": "2019-03-10",
        "commitResults": []
      },
      {
        "insertions": 0,
        "deletions": 0,
        "date": "2019-03-11",
        "commitResults": []
      },
      {
        "insertions": 0,
        "deletions": 0,
        "date": "2019-03-12",
        "commitResults": []
      },
      {
        "insertions": 0,
        "deletions": 0,
        "date": "2019-03-13",
        "commitResults": []
      },
      {
        "insertions": 0,
        "deletions": 0,
        "date": "2019-03-14",
        "commitResults": []
      },
      {
        "insertions": 27,
        "deletions": 2,
        "date": "2019-03-15",
        "commitResults": [
          {
            "hash": "411faa566683dc8eca89e26f997fa7999e1ca042",
            "message": "Update Developer Guide",
            "insertions": 25,
            "deletions": 0
          },
          {
            "hash": "e32acaef86c037e637d7c20a37fc09d5469b83a3",
            "message": "Update DeveloperGuide.adoc",
            "insertions": 2,
            "deletions": 2
          }
        ]
      },
      {
        "insertions": 11,
        "deletions": 2,
        "date": "2019-03-16",
        "commitResults": [
          {
            "hash": "dd73a5ccd3e1ff57ece733be3b8050efd9b5568c",
            "message": "Update UserGuide.adoc",
            "insertions": 11,
            "deletions": 2
          }
        ]
      },
      {
        "insertions": 0,
        "deletions": 0,
        "date": "2019-03-17",
        "commitResults": []
      },
      {
        "insertions": 0,
        "deletions": 0,
        "date": "2019-03-18",
        "commitResults": []
      },
      {
        "insertions": 0,
        "deletions": 0,
        "date": "2019-03-19",
        "commitResults": []
      },
      {
        "insertions": 0,
        "deletions": 0,
        "date": "2019-03-20",
        "commitResults": []
      },
      {
        "insertions": 0,
        "deletions": 0,
        "date": "2019-03-21",
        "commitResults": []
      },
      {
        "insertions": 0,
        "deletions": 0,
        "date": "2019-03-22",
        "commitResults": []
      },
      {
        "insertions": 0,
        "deletions": 0,
        "date": "2019-03-23",
        "commitResults": []
      },
      {
        "insertions": 0,
        "deletions": 0,
        "date": "2019-03-24",
        "commitResults": []
      },
      {
        "insertions": 0,
        "deletions": 0,
        "date": "2019-03-25",
        "commitResults": []
      },
      {
        "insertions": 0,
        "deletions": 0,
        "date": "2019-03-26",
        "commitResults": []
      },
      {
        "insertions": 0,
        "deletions": 0,
        "date": "2019-03-27",
        "commitResults": []
      },
      {
        "insertions": 0,
        "deletions": 0,
        "date": "2019-03-28",
        "commitResults": []
      },
      {
        "insertions": 0,
        "deletions": 0,
        "date": "2019-03-29",
        "commitResults": []
      },
      {
        "insertions": 0,
        "deletions": 0,
        "date": "2019-03-30",
        "commitResults": []
      },
      {
        "insertions": 0,
        "deletions": 0,
        "date": "2019-03-31",
        "commitResults": []
      },
      {
        "insertions": 0,
        "deletions": 0,
        "date": "2019-04-01",
        "commitResults": []
      },
      {
        "insertions": 0,
        "deletions": 0,
        "date": "2019-04-02",
        "commitResults": []
      },
      {
        "insertions": 0,
        "deletions": 0,
        "date": "2019-04-03",
        "commitResults": []
      },
      {
        "insertions": 0,
        "deletions": 0,
        "date": "2019-04-04",
        "commitResults": []
      },
      {
        "insertions": 0,
        "deletions": 0,
        "date": "2019-04-05",
        "commitResults": []
      },
      {
        "insertions": 0,
        "deletions": 0,
        "date": "2019-04-06",
        "commitResults": []
      },
      {
        "insertions": 0,
        "deletions": 0,
        "date": "2019-04-07",
        "commitResults": []
      }
    ]
  },
  "authorFinalContributionMap": {
    "liguanlong": 344,
    "shawn-t": 549,
    "matthiaslum": 512,
    "WuPeiHsuan": 274
  },
  "authorContributionVariance": {
    "liguanlong": 36768.996,
    "shawn-t": 2733.4365,
    "matthiaslum": 3848.4192,
    "WuPeiHsuan": 109.63804
  },
  "authorDisplayNameMap": {
    "liguanlong": "LI ...ONG",
    "shawn-t": "TEO...WEI",
    "matthiaslum": "MAT...IAN",
    "WuPeiHsuan": "WU ...UAN"
  }
}
