{
  "authorDailyContributionsMap": {
    "huyidi": [
      {
        "insertions": 62,
        "deletions": 3,
        "date": "2019-03-03",
        "commitResults": [
          {
            "hash": "5df8886e88deaa78f4c40e765eb357a27c0498d6",
            "message": "update about us",
            "insertions": 59,
            "deletions": 0
          },
          {
            "hash": "9b908c0cd966b3d26d6cb498c586da21dbf9d8ea",
            "message": "update image name",
            "insertions": 3,
            "deletions": 3
          }
        ]
      },
      {
        "insertions": 149,
        "deletions": 1,
        "date": "2019-03-17",
        "commitResults": [
          {
            "hash": "c417ba15727f3afe40001bbb767f430bcaf71a6d",
            "message": "added finance feature related things",
            "insertions": 137,
            "deletions": 0
          },
          {
            "hash": "540daa1267656e67e80722beb4176eaef430754d",
            "message": "update user guide",
            "insertions": 12,
            "deletions": 1
          }
        ]
      },
      {
        "insertions": 60,
        "deletions": 3,
        "date": "2019-03-18",
        "commitResults": [
          {
            "hash": "b54954d58f20e80d47d3901883585844b1bdd494",
            "message": "update developer guide",
            "insertions": 56,
            "deletions": 0
          },
          {
            "hash": "4d894cf4bca5e10936d91e2a8bcbc3e42fc07314",
            "message": "fix problem in FinanceCommand",
            "insertions": 4,
            "deletions": 3
          }
        ]
      },
      {
        "insertions": 90,
        "deletions": 41,
        "date": "2019-03-20",
        "commitResults": [
          {
            "hash": "0f2c2c4ae68b9057a173650df2bbee1512277908",
            "message": "User Guide draft1",
            "insertions": 90,
            "deletions": 41
          }
        ]
      },
      {
        "insertions": 97,
        "deletions": 59,
        "date": "2019-03-21",
        "commitResults": [
          {
            "hash": "218c655732b16ea32c64f54c50d5c5ff3188538c",
            "message": "Update DG",
            "insertions": 97,
            "deletions": 59
          }
        ]
      },
      {
        "insertions": 689,
        "deletions": 247,
        "date": "2019-03-24",
        "commitResults": [
          {
            "hash": "452124021dd5a5158eff51c5f75ec7b49e9673c3",
            "message": "enhance finance",
            "insertions": 376,
            "deletions": 23
          },
          {
            "hash": "315835b458adf743e311573a80379e65399adb83",
            "message": "enhance finance two",
            "insertions": 240,
            "deletions": 22
          },
          {
            "hash": "61c4300f54cfa5a35404786d086ad904c7e32d78",
            "message": "fix finance bug",
            "insertions": 9,
            "deletions": 80
          },
          {
            "hash": "afa004f5636869dcdb86ea04adbe70fd883c9095",
            "message": "fix coding style after enhance finance feature",
            "insertions": 62,
            "deletions": 104
          },
          {
            "hash": "8c2a545ebc8df72764bb76641c4c8f930558abd0",
            "message": "fix coding style two",
            "insertions": 1,
            "deletions": 16
          },
          {
            "hash": "2278dc2c2f2471e0ceab60b4c01b22a021a48ef1",
            "message": "fix coding style three",
            "insertions": 1,
            "deletions": 1
          },
          {
            "hash": "2e3024996140dac4da3460ab7fe057a65b7e24d4",
            "message": "fix trailing space",
            "insertions": 0,
            "deletions": 1
          }
        ]
      },
      {
        "insertions": 158,
        "deletions": 39,
        "date": "2019-03-31",
        "commitResults": [
          {
            "hash": "3d04ee7f71636d7b5f130649b1786a9ccc4fa731",
            "message": "add GetLeagueFinance command, fix Histogram in finance",
            "insertions": 142,
            "deletions": 26
          },
          {
            "hash": "60d0f0b5fbc24ecb2ae9113089b8093f6a47999d",
            "message": "fix checkstyle",
            "insertions": 12,
            "deletions": 12
          },
          {
            "hash": "d314f0f078dcc2878714b81eda3d611b1e8108c9",
            "message": "fix travis",
            "insertions": 4,
            "deletions": 1
          }
        ]
      },
      {
        "insertions": 10,
        "deletions": 10,
        "date": "2019-04-01",
        "commitResults": [
          {
            "hash": "9177a83145f5596a13dcea31593393fb9ba7042b",
            "message": "update user guide",
            "insertions": 10,
            "deletions": 10
          }
        ]
      }
    ],
    "warheade": [
      {
        "insertions": 46,
        "deletions": 0,
        "date": "2019-03-04",
        "commitResults": [
          {
            "hash": "f34c54702091eb08edc2660428e0769df9a46c9f",
            "message": "Update User Guide to add in details of Player Class",
            "insertions": 46,
            "deletions": 0
          }
        ]
      },
      {
        "insertions": 483,
        "deletions": 0,
        "date": "2019-03-17",
        "commitResults": [
          {
            "hash": "5efcca84cf75915591083e59cd8afdedcac0f3da",
            "message": "convert person to player add/delete/edit enabled update developer guide on use cases and glossary",
            "insertions": 483,
            "deletions": 0
          }
        ]
      },
      {
        "insertions": 50,
        "deletions": 17,
        "date": "2019-03-21",
        "commitResults": [
          {
            "hash": "fbfe599210c3ec519eae24c54229f6bc6901a2a0",
            "message": "updates DeveloperGuide",
            "insertions": 50,
            "deletions": 17
          }
        ]
      },
      {
        "insertions": 1545,
        "deletions": 1174,
        "date": "2019-03-27",
        "commitResults": [
          {
            "hash": "02ad14a3b9c8d080ad377485d70fd4fbf3f62367",
            "message": "conversion to player is done modified addplayer listplayer viewall player removed private attribute and view command multiple other details use this as basis for development",
            "insertions": 1545,
            "deletions": 1174
          }
        ]
      },
      {
        "insertions": 678,
        "deletions": 517,
        "date": "2019-03-29",
        "commitResults": [
          {
            "hash": "d45816c316c7a190e4bcd71fdfa41dfb9c7a8d9c",
            "message": "updated test files edited player classes for extra safety",
            "insertions": 370,
            "deletions": 259
          },
          {
            "hash": "848ea0f5f74e72aa74d3602fdc80eb101ff51e8d",
            "message": "edit test cases to pass Travis attempt 2",
            "insertions": 99,
            "deletions": 81
          },
          {
            "hash": "abe635cd40afa657472c385a9ac35597064b009a",
            "message": "edit test cases to pass travis attempt 3",
            "insertions": 26,
            "deletions": 12
          },
          {
            "hash": "ea4eed5f096e07cb353087dabe7ca1f8002a26f9",
            "message": "edit test cases to pass travis attempt 4",
            "insertions": 24,
            "deletions": 2
          },
          {
            "hash": "390ee568b12be98ca5ecee0cdeadd14e4e823239",
            "message": "edit to pass checkstyle attempt 1",
            "insertions": 159,
            "deletions": 163
          }
        ]
      },
      {
        "insertions": 669,
        "deletions": 499,
        "date": "2019-03-30",
        "commitResults": [
          {
            "hash": "682aa41091eb84c2097d4902d684d519a6d9dc2f",
            "message": "edit to fit checkstyle attempt 2",
            "insertions": 41,
            "deletions": 46
          },
          {
            "hash": "79a795b743620c12af8cfd054d40a2ba94b66294",
            "message": "edit to pass Travis attempt 3",
            "insertions": 48,
            "deletions": 47
          },
          {
            "hash": "b9fb16a84269f10419019635d0fc8c88436526e9",
            "message": "Update Command.java",
            "insertions": 4,
            "deletions": 7
          },
          {
            "hash": "00ac69a2cb48fc29f8d8eb6da2226927d440b50b",
            "message": "Update CommandResult.java",
            "insertions": 3,
            "deletions": 3
          },
          {
            "hash": "b62033417fe957d442ca626c9990f3e9d8f92e9d",
            "message": "edit to pass travis attempt 4",
            "insertions": 187,
            "deletions": 85
          },
          {
            "hash": "767d11990e4bb5116e62228b1842d9360400c429",
            "message": "Update Command.java",
            "insertions": 6,
            "deletions": 4
          },
          {
            "hash": "00322d7a398b2f73dbf0ce7a0eb00cf60bea725f",
            "message": "edit to fix code for checkstyle attempt 6",
            "insertions": 4,
            "deletions": 6
          },
          {
            "hash": "5a66d8b09be4b5f0be3c227fe8d48a8918084ba9",
            "message": "edit code to pass checkstyle attempt ronaldo",
            "insertions": 11,
            "deletions": 12
          },
          {
            "hash": "4702b69ba98ee46ce1c3d00e50b7f7e13c7d731d",
            "message": "edit to fix code for checkstyle attempt 8",
            "insertions": 5,
            "deletions": 5
          },
          {
            "hash": "7b7400e6d3be56172c18e0446622e82d6d1b3a41",
            "message": "edit to fix code style attempt Suarez",
            "insertions": 267,
            "deletions": 195
          },
          {
            "hash": "64f2b18b1b774e7d5a0f253463d64621f5c53cbd",
            "message": "edit to pass checkstyle attempt messi",
            "insertions": 67,
            "deletions": 73
          },
          {
            "hash": "d8e8e25afe6e8bd24f3a899a4165c7079e881bc2",
            "message": "edit to pass checkstyle attempt 11",
            "insertions": 21,
            "deletions": 11
          },
          {
            "hash": "62217d156222ed6b307abc8ed34946625fe9d07e",
            "message": "edit to pass checkstyle attempt 12",
            "insertions": 5,
            "deletions": 5
          }
        ]
      },
      {
        "insertions": 331,
        "deletions": 476,
        "date": "2019-03-31",
        "commitResults": [
          {
            "hash": "dfc72f16b2a7a67e479c0d1e1132e11c640fa5ba",
            "message": "updated Player package to avoid naming conflicts updated user guide for player part small changes here and there",
            "insertions": 220,
            "deletions": 186
          },
          {
            "hash": "17c60f86f53dee938f642fb3076263b676dec45c",
            "message": "edit for checkstyle attempt 1",
            "insertions": 5,
            "deletions": 5
          },
          {
            "hash": "1457f8ef8750073d48943d2b46c7742575f15f0d",
            "message": "edit for checkstyle attempt 2",
            "insertions": 2,
            "deletions": 2
          },
          {
            "hash": "4990888fc109ba7c5526b4090dde212b33a23e19",
            "message": "edit for checkstyle attempt 3",
            "insertions": 23,
            "deletions": 23
          },
          {
            "hash": "ffc7dff073242db4026727973a86676b0b717a2d",
            "message": "add reposense config.json test 1",
            "insertions": 28,
            "deletions": 0
          },
          {
            "hash": "512db59c2e945cd294630e4b63b9085feb2446c3",
            "message": "extra edit for Ying Rong\u0027s repo name",
            "insertions": 1,
            "deletions": 1
          },
          {
            "hash": "1270f18a997dc35eef31edf2f072b80a7675ca5b",
            "message": "config.json attempt 3",
            "insertions": 0,
            "deletions": 2
          },
          {
            "hash": "37f5da6e3831a69318224200df21b249c9e0e7a3",
            "message": "minor changes removed some redundance classes",
            "insertions": 1,
            "deletions": 242
          },
          {
            "hash": "d3397350365e44921795bf638dea4eec9c063739",
            "message": "edited User guide and Developer guide",
            "insertions": 51,
            "deletions": 15
          }
        ]
      },
      {
        "insertions": 91,
        "deletions": 37,
        "date": "2019-04-02",
        "commitResults": [
          {
            "hash": "7defd1dd1ce004b6660226b51ee0db6391503c4d",
            "message": "updated player features in User Guide for v1.3",
            "insertions": 91,
            "deletions": 37
          }
        ]
      },
      {
        "insertions": 394,
        "deletions": 45,
        "date": "2019-04-03",
        "commitResults": [
          {
            "hash": "fafe7afd0ea3686838153fab0cb68e06e4f534e9",
            "message": "added EditPlayer Feature Test Cases and UGDG will be updated in following commits",
            "insertions": 338,
            "deletions": 16
          },
          {
            "hash": "4a673367ed3815caf1748bbf8046e6a7efd03f2f",
            "message": "edit to pass checkstyle attempt 1",
            "insertions": 39,
            "deletions": 11
          },
          {
            "hash": "88a436a23c7b44d167e7d83a663ac0139e1969cf",
            "message": "Edit to pass checkstyle attempt 2",
            "insertions": 17,
            "deletions": 18
          }
        ]
      }
    ],
    "yingrong1996": [
      {
        "insertions": 417,
        "deletions": 336,
        "date": "2019-03-03",
        "commitResults": [
          {
            "hash": "3fc71faeec464d0b5c6ff4210617994e422357f0",
            "message": "Added Sort Command Updated Userguide",
            "insertions": 51,
            "deletions": 1
          },
          {
            "hash": "70a352bbe6b42758360b6af2edd17201777cf00d",
            "message": "Edited UserGuide",
            "insertions": 66,
            "deletions": 106
          },
          {
            "hash": "d7f53965d7d8c0b0761a386de34a647e53248d2e",
            "message": "Revert \"Edited UserGuide\"",
            "insertions": 106,
            "deletions": 66
          },
          {
            "hash": "4864c9a9a1ef74735e73237203c885abc0ffbf37",
            "message": "Revert \"Revert \"Edited UserGuide\"\"",
            "insertions": 66,
            "deletions": 106
          },
          {
            "hash": "69452f9d92d71968b57f8cfff92e792267dab25d",
            "message": "Updated Dev Guide",
            "insertions": 128,
            "deletions": 57
          }
        ]
      },
      {
        "insertions": 1007,
        "deletions": 45,
        "date": "2019-03-14",
        "commitResults": [
          {
            "hash": "0bef9d45967cd99af5ec57541c34f22349bbce03",
            "message": "Added Team Management Commands  -Add  -List  -Delete  -Find  -Clear  - Edit(Work in Progress) Make changes in Various files to enable team management feature.",
            "insertions": 1007,
            "deletions": 45
          }
        ]
      },
      {
        "insertions": 335,
        "deletions": 28,
        "date": "2019-03-18",
        "commitResults": [
          {
            "hash": "578e7edacd61394ebab7f425711726db0da43b46",
            "message": "Added EditTeam Function",
            "insertions": 335,
            "deletions": 28
          }
        ]
      },
      {
        "insertions": 260,
        "deletions": 165,
        "date": "2019-03-19",
        "commitResults": [
          {
            "hash": "b36fab66be7bbf8ac980b63f85e4ce304b6e46da",
            "message": "Fix some codestyle",
            "insertions": 25,
            "deletions": 19
          },
          {
            "hash": "5c76e02f09fa0b639ff3bee7adbfe0d8bac0f237",
            "message": "Code edited to fit code style -1",
            "insertions": 235,
            "deletions": 146
          }
        ]
      },
      {
        "insertions": 676,
        "deletions": 560,
        "date": "2019-03-20",
        "commitResults": [
          {
            "hash": "ecefd25217cb5c0e0e51d1feeb494079c78d75bb",
            "message": "Code edited to fit code style -2",
            "insertions": 259,
            "deletions": 247
          },
          {
            "hash": "8d1833822b5bd4cf0b11d473657b176941ebaf20",
            "message": "Code edited to fit code style -3",
            "insertions": 171,
            "deletions": 149
          },
          {
            "hash": "5547b486887d14d38585267003093a501c2590eb",
            "message": "Code edited to fit code style -4",
            "insertions": 107,
            "deletions": 76
          },
          {
            "hash": "fa9da4b76352019254c7fbced5dfbb01a05f2e56",
            "message": "Code edited to fit code style -5",
            "insertions": 10,
            "deletions": 5
          },
          {
            "hash": "03e4fadfb72c2c37b63037691bdb1a3b55ba028a",
            "message": "Code edited to fit code style -6",
            "insertions": 128,
            "deletions": 82
          },
          {
            "hash": "17a82ec1db1c296817b8a62ec06fc40e8bdb2c54",
            "message": "no message",
            "insertions": 1,
            "deletions": 1
          }
        ]
      },
      {
        "insertions": 82,
        "deletions": 8,
        "date": "2019-04-02",
        "commitResults": [
          {
            "hash": "a77de3ea5429658975001b3eaade6e793a6e42a5",
            "message": "Improve command word to be more user friendly for team command adding players will add to team (listable)",
            "insertions": 82,
            "deletions": 8
          }
        ]
      },
      {
        "insertions": 193,
        "deletions": 108,
        "date": "2019-04-04",
        "commitResults": [
          {
            "hash": "4e9537e6ee65a4e3cbaa55bacc04fb70deb55ed2",
            "message": "Edited User Guide, Optimized team input for user, Refactor Name to TeamName,",
            "insertions": 135,
            "deletions": 76
          },
          {
            "hash": "ffe62a0f3200282a834f98f4f4c544cbdaeebc7b",
            "message": "checkstyle changes",
            "insertions": 47,
            "deletions": 26
          },
          {
            "hash": "5fa7607e0f6868930b68a0be836398453dbc35bc",
            "message": "checkstyle update",
            "insertions": 11,
            "deletions": 6
          }
        ]
      }
    ],
    "E0176106": [
      {
        "insertions": 2,
        "deletions": 2,
        "date": "2019-02-13",
        "commitResults": [
          {
            "hash": "6dee1d2ff775ac1b8ee59d7f9614f446c24c5b8c",
            "message": "travis test",
            "insertions": 1,
            "deletions": 1
          },
          {
            "hash": "1dc3ea66e872c98dbba3c2778f1b25220c161ca4",
            "message": "Update README.adoc",
            "insertions": 1,
            "deletions": 1
          }
        ]
      },
      {
        "insertions": 0,
        "deletions": 1,
        "date": "2019-02-17",
        "commitResults": [
          {
            "hash": "a162f43cc096d78062cdcbb14b61c450f6a40e71",
            "message": "Update README.adoc",
            "insertions": 0,
            "deletions": 1
          }
        ]
      },
      {
        "insertions": 1563,
        "deletions": 1010,
        "date": "2019-03-03",
        "commitResults": [
          {
            "hash": "010b8761c05ba8bbe849dfd325b32078d5cce9b6",
            "message": "Update tools of AB3",
            "insertions": 553,
            "deletions": 4
          },
          {
            "hash": "eeb47169c5f1643e93914ead3a2283c9892e6123",
            "message": "Revert \"Update tools of AB3\"",
            "insertions": 4,
            "deletions": 553
          },
          {
            "hash": "384bebb844bf38708559f21de640b09d16a7508a",
            "message": "Update tools for AB3",
            "insertions": 508,
            "deletions": 4
          },
          {
            "hash": "252ce2086a65bd51a76d93c96057f8c7b8886598",
            "message": "Update LearningOutcomes.adoc",
            "insertions": 1,
            "deletions": 1
          },
          {
            "hash": "2ca9f31858faf27530b0158489eb20282ab28bd6",
            "message": "Disable checkstyle",
            "insertions": 1,
            "deletions": 0
          },
          {
            "hash": "dcb68169dc0744f7ea9ca314f612750268010a0b",
            "message": "Update README.adoc",
            "insertions": 1,
            "deletions": 1
          },
          {
            "hash": "fef90c9ce06440182ec8de7a9c3295756cf905ec",
            "message": "Add Match and MatchList class Update some documents",
            "insertions": 148,
            "deletions": 101
          },
          {
            "hash": "20f8f525bd22f7f68163b66cbfe5ad32dabc0b25",
            "message": "Revert \"Add Match and MatchList class\"",
            "insertions": 101,
            "deletions": 148
          },
          {
            "hash": "b5ef62d1f725efdbab9ee8bf81fae2a1a5de67b6",
            "message": "Update UI and UserGuide",
            "insertions": 66,
            "deletions": 101
          },
          {
            "hash": "ac3a3a1a40b704ab031ff8ba93dac7028d8d3b4e",
            "message": "Update UserGuide.adoc",
            "insertions": 23,
            "deletions": 0
          },
          {
            "hash": "a47a09d76a92582d0d1d5cb7ba4e936419cb325a",
            "message": "Update AboutUs.adoc",
            "insertions": 5,
            "deletions": 6
          },
          {
            "hash": "a541835fc98fb2a1ac3a27bdc5b35411e5cebbe9",
            "message": "Update AboutUs.adoc",
            "insertions": 4,
            "deletions": 4
          },
          {
            "hash": "f7ed313379c0ce84d8243f871bd61bff042a0b13",
            "message": "Update ContactUs.adoc",
            "insertions": 1,
            "deletions": 2
          },
          {
            "hash": "7086e3576d1d7f5ef4cd784f8938b03c0488c531",
            "message": "Update DeveloperGuide",
            "insertions": 128,
            "deletions": 57
          },
          {
            "hash": "e60b3eb2e6606cf38a6a08e0daaeb395e8168883",
            "message": "Update README.adoc",
            "insertions": 4,
            "deletions": 23
          },
          {
            "hash": "894b803dfa5289f911fe2bea75442ade88b5a6f9",
            "message": "Update README.adoc",
            "insertions": 8,
            "deletions": 1
          },
          {
            "hash": "1b39880923388b2db7dc87779e010e2f7803b2c6",
            "message": "Update README.adoc",
            "insertions": 1,
            "deletions": 1
          },
          {
            "hash": "b21005d1616069750852f417b12edfe468caf074",
            "message": "Update UserGuide.adoc",
            "insertions": 6,
            "deletions": 3
          }
        ]
      },
      {
        "insertions": 14,
        "deletions": 10,
        "date": "2019-03-04",
        "commitResults": [
          {
            "hash": "dc807003efd0b6fa36f5465615bd686a47fb1ba6",
            "message": "Update DeveloperGuide.adoc",
            "insertions": 14,
            "deletions": 10
          }
        ]
      },
      {
        "insertions": 1054,
        "deletions": 91,
        "date": "2019-03-17",
        "commitResults": [
          {
            "hash": "1c281efcbf30dec9e0df89603fca158a78385c64",
            "message": "Add Match Management",
            "insertions": 1034,
            "deletions": 64
          },
          {
            "hash": "d3f01cc690ad0f2ee3440180890aa45f8bf26781",
            "message": "Fix Bug",
            "insertions": 20,
            "deletions": 27
          }
        ]
      },
      {
        "insertions": 0,
        "deletions": 1,
        "date": "2019-03-19",
        "commitResults": [
          {
            "hash": "1266708dd64137a9c113c8738cb427739d8e3b22",
            "message": "Update build.gradle",
            "insertions": 0,
            "deletions": 1
          }
        ]
      },
      {
        "insertions": 148,
        "deletions": 109,
        "date": "2019-03-21",
        "commitResults": [
          {
            "hash": "1a0f2fb099dc824e749ac45d78c61cead048e478",
            "message": "Update UserGuide",
            "insertions": 148,
            "deletions": 107
          },
          {
            "hash": "bbf5559439632356555b35549adb171212a77e13",
            "message": "Update UserGuide.adoc",
            "insertions": 0,
            "deletions": 2
          }
        ]
      },
      {
        "insertions": 175,
        "deletions": 51,
        "date": "2019-03-24",
        "commitResults": [
          {
            "hash": "55f0566f92bb3f9641d1f00cea322aed8b227c65",
            "message": "Enhance Match Class Add TicketSales Class",
            "insertions": 170,
            "deletions": 46
          },
          {
            "hash": "41e164f048a0d29846686a639e9345440dcda67a",
            "message": "Fix coding style",
            "insertions": 5,
            "deletions": 5
          }
        ]
      },
      {
        "insertions": 381,
        "deletions": 40,
        "date": "2019-03-31",
        "commitResults": [
          {
            "hash": "1c7b0f8c6b026a44c477cb4eb2f0201ed36bd8e0",
            "message": "Add UpdateMatch",
            "insertions": 372,
            "deletions": 30
          },
          {
            "hash": "3eeca64dd486e34bd62ded7274dfa26e73973c24",
            "message": "Fix to pass checkstyle",
            "insertions": 8,
            "deletions": 9
          },
          {
            "hash": "4f8325707ff7207b30bb4361632765c5e94cd885",
            "message": "Fix to pass checkstyle",
            "insertions": 1,
            "deletions": 1
          }
        ]
      },
      {
        "insertions": 20,
        "deletions": 7,
        "date": "2019-04-01",
        "commitResults": [
          {
            "hash": "80d3957bb3e66fd95595deccb389a33a7e91fd79",
            "message": "Update UG for Match Feature",
            "insertions": 20,
            "deletions": 7
          }
        ]
      }
    ]
  },
  "authorFinalContributionMap": {
    "huyidi": 803,
    "warheade": 2985,
    "yingrong1996": 1791,
    "E0176106": 2043
  },
  "authorFileFormatContributionMap": {
    "huyidi": {
      "adoc": 141,
      "cs": 0,
      "css": 0,
      "fxml": 0,
      "gradle": 0,
      "html": 0,
      "java": 662,
      "js": 0,
      "json": 0,
      "jsp": 0,
      "md": 0,
      "py": 0,
      "tag": 0,
      "txt": 0,
      "xml": 0
    },
    "warheade": {
      "adoc": 278,
      "cs": 0,
      "css": 0,
      "fxml": 0,
      "gradle": 0,
      "html": 0,
      "java": 2605,
      "js": 0,
      "json": 26,
      "jsp": 0,
      "md": 0,
      "py": 0,
      "tag": 0,
      "txt": 76,
      "xml": 0
    },
    "yingrong1996": {
      "adoc": 129,
      "cs": 0,
      "css": 0,
      "fxml": 0,
      "gradle": 0,
      "html": 0,
      "java": 1662,
      "js": 0,
      "json": 0,
      "jsp": 0,
      "md": 0,
      "py": 0,
      "tag": 0,
      "txt": 0,
      "xml": 0
    },
    "E0176106": {
      "adoc": 182,
      "cs": 0,
      "css": 0,
      "fxml": 0,
      "gradle": 76,
      "html": 0,
      "java": 1337,
      "js": 0,
      "json": 0,
      "jsp": 0,
      "md": 0,
      "py": 0,
      "tag": 0,
      "txt": 16,
      "xml": 432
    }
  },
  "authorContributionVariance": {
    "huyidi": 17274.78,
    "warheade": 191935.53,
    "yingrong1996": 60791.117,
    "E0176106": 144844.78
  },
  "authorDisplayNameMap": {
    "huyidi": "Hu Yidi",
    "warheade": "Wang Jiannan",
    "yingrong1996": "Ying Rong",
    "E0176106": "Justin Lee"
  }
}
