{
  "authorDailyContributionsMap": {
    "rachellim10": [
      {
        "insertions": 0,
        "deletions": 0,
        "date": "2019-02-10",
        "commitResults": []
      },
      {
        "insertions": 0,
        "deletions": 0,
        "date": "2019-02-11",
        "commitResults": []
      },
      {
        "insertions": 0,
        "deletions": 0,
        "date": "2019-02-12",
        "commitResults": []
      },
      {
        "insertions": 0,
        "deletions": 0,
        "date": "2019-02-13",
        "commitResults": []
      },
      {
        "insertions": 0,
        "deletions": 0,
        "date": "2019-02-14",
        "commitResults": []
      },
      {
        "insertions": 0,
        "deletions": 0,
        "date": "2019-02-15",
        "commitResults": []
      },
      {
        "insertions": 0,
        "deletions": 0,
        "date": "2019-02-16",
        "commitResults": []
      },
      {
        "insertions": 0,
        "deletions": 0,
        "date": "2019-02-17",
        "commitResults": []
      },
      {
        "insertions": 0,
        "deletions": 0,
        "date": "2019-02-18",
        "commitResults": []
      },
      {
        "insertions": 0,
        "deletions": 0,
        "date": "2019-02-19",
        "commitResults": []
      },
      {
        "insertions": 0,
        "deletions": 0,
        "date": "2019-02-20",
        "commitResults": []
      },
      {
        "insertions": 0,
        "deletions": 0,
        "date": "2019-02-21",
        "commitResults": []
      },
      {
        "insertions": 0,
        "deletions": 0,
        "date": "2019-02-22",
        "commitResults": []
      },
      {
        "insertions": 0,
        "deletions": 0,
        "date": "2019-02-23",
        "commitResults": []
      },
      {
        "insertions": 0,
        "deletions": 0,
        "date": "2019-02-24",
        "commitResults": []
      },
      {
        "insertions": 115,
        "deletions": 39,
        "date": "2019-02-25",
        "commitResults": [
          {
            "hash": "71434b93c7bfdf467ce4b3a2382b49f4e81966fd",
            "message": "UserGuide: update \u0027add\u0027 command to include new content",
            "insertions": 15,
            "deletions": 8
          },
          {
            "hash": "ba54ab5c702f3f0ccf99c466aab91f78dcaa7d7d",
            "message": "UserGuide: update the rest of the commands",
            "insertions": 49,
            "deletions": 28
          },
          {
            "hash": "e26e54f2289408a62e675f4820fe5c9b431cc71a",
            "message": "AddAliases: add aliases for \u0027add\u0027, \u0027edit\u0027 and \u0027delete\u0027 commands",
            "insertions": 45,
            "deletions": 0
          },
          {
            "hash": "8931bc568b96299ff6ef8139ed16b35814b4efb1",
            "message": "AddAliases: fix Travis indentation error",
            "insertions": 6,
            "deletions": 3
          }
        ]
      },
      {
        "insertions": 0,
        "deletions": 0,
        "date": "2019-02-26",
        "commitResults": []
      },
      {
        "insertions": 0,
        "deletions": 0,
        "date": "2019-02-27",
        "commitResults": []
      },
      {
        "insertions": 0,
        "deletions": 0,
        "date": "2019-02-28",
        "commitResults": []
      },
      {
        "insertions": 0,
        "deletions": 0,
        "date": "2019-03-01",
        "commitResults": []
      },
      {
        "insertions": 0,
        "deletions": 0,
        "date": "2019-03-02",
        "commitResults": []
      },
      {
        "insertions": 0,
        "deletions": 0,
        "date": "2019-03-03",
        "commitResults": []
      },
      {
        "insertions": 0,
        "deletions": 0,
        "date": "2019-03-04",
        "commitResults": []
      },
      {
        "insertions": 0,
        "deletions": 0,
        "date": "2019-03-05",
        "commitResults": []
      },
      {
        "insertions": 0,
        "deletions": 0,
        "date": "2019-03-06",
        "commitResults": []
      },
      {
        "insertions": 0,
        "deletions": 0,
        "date": "2019-03-07",
        "commitResults": []
      },
      {
        "insertions": 0,
        "deletions": 0,
        "date": "2019-03-08",
        "commitResults": []
      },
      {
        "insertions": 0,
        "deletions": 0,
        "date": "2019-03-09",
        "commitResults": []
      },
      {
        "insertions": 0,
        "deletions": 0,
        "date": "2019-03-10",
        "commitResults": []
      },
      {
        "insertions": 0,
        "deletions": 0,
        "date": "2019-03-11",
        "commitResults": []
      },
      {
        "insertions": 0,
        "deletions": 0,
        "date": "2019-03-12",
        "commitResults": []
      },
      {
        "insertions": 0,
        "deletions": 0,
        "date": "2019-03-13",
        "commitResults": []
      },
      {
        "insertions": 0,
        "deletions": 0,
        "date": "2019-03-14",
        "commitResults": []
      },
      {
        "insertions": 0,
        "deletions": 0,
        "date": "2019-03-15",
        "commitResults": []
      },
      {
        "insertions": 0,
        "deletions": 0,
        "date": "2019-03-16",
        "commitResults": []
      },
      {
        "insertions": 0,
        "deletions": 0,
        "date": "2019-03-17",
        "commitResults": []
      },
      {
        "insertions": 133,
        "deletions": 8,
        "date": "2019-03-18",
        "commitResults": [
          {
            "hash": "5a8628fbc45eca462ca9af994f58e4ab7fed816b",
            "message": "Add shorthand aliases to the rest of the commands",
            "insertions": 89,
            "deletions": 8
          },
          {
            "hash": "cb98eb9d4d74aa3eb04bd52a9258b22c2ede5bcc",
            "message": "update developer guide with implementation of command aliases and calendar",
            "insertions": 44,
            "deletions": 0
          }
        ]
      },
      {
        "insertions": 0,
        "deletions": 0,
        "date": "2019-03-19",
        "commitResults": []
      },
      {
        "insertions": 0,
        "deletions": 0,
        "date": "2019-03-20",
        "commitResults": []
      },
      {
        "insertions": 0,
        "deletions": 0,
        "date": "2019-03-21",
        "commitResults": []
      },
      {
        "insertions": 75,
        "deletions": 17,
        "date": "2019-03-22",
        "commitResults": [
          {
            "hash": "ffc88343c8e86c7cb5c6b73c7ddbb230b558ab26",
            "message": "UserGuide: update sections 6.1 - 6.2.4",
            "insertions": 75,
            "deletions": 17
          }
        ]
      },
      {
        "insertions": 0,
        "deletions": 0,
        "date": "2019-03-23",
        "commitResults": []
      },
      {
        "insertions": 0,
        "deletions": 0,
        "date": "2019-03-24",
        "commitResults": []
      },
      {
        "insertions": 140,
        "deletions": 0,
        "date": "2019-03-25",
        "commitResults": [
          {
            "hash": "f9d2d50ac5488a8e88fb4eeec59c175eb0355c74",
            "message": "add CompletedCommand as part of analyse feature",
            "insertions": 140,
            "deletions": 0
          }
        ]
      },
      {
        "insertions": 0,
        "deletions": 0,
        "date": "2019-03-26",
        "commitResults": []
      },
      {
        "insertions": 0,
        "deletions": 0,
        "date": "2019-03-27",
        "commitResults": []
      },
      {
        "insertions": 0,
        "deletions": 0,
        "date": "2019-03-28",
        "commitResults": []
      },
      {
        "insertions": 13,
        "deletions": 10,
        "date": "2019-03-29",
        "commitResults": [
          {
            "hash": "951d412e7e814dcd1d5ea57dcfa97a1a52d87c7c",
            "message": "Complete: add completed tag when CompletedCommand is called",
            "insertions": 13,
            "deletions": 10
          }
        ]
      },
      {
        "insertions": 0,
        "deletions": 0,
        "date": "2019-03-30",
        "commitResults": []
      },
      {
        "insertions": 0,
        "deletions": 0,
        "date": "2019-03-31",
        "commitResults": []
      },
      {
        "insertions": 20,
        "deletions": 1,
        "date": "2019-04-01",
        "commitResults": [
          {
            "hash": "24022bf7b36f76e5f8125dfc6e3a6764e40e9184",
            "message": "fix display of completed tag",
            "insertions": 20,
            "deletions": 1
          }
        ]
      },
      {
        "insertions": 19,
        "deletions": 37,
        "date": "2019-04-02",
        "commitResults": [
          {
            "hash": "38389e772cc03dbab872669f5d14f21d7cd4da60",
            "message": "update PPP to match contributions",
            "insertions": 19,
            "deletions": 37
          }
        ]
      },
      {
        "insertions": 0,
        "deletions": 0,
        "date": "2019-04-03",
        "commitResults": []
      },
      {
        "insertions": 100,
        "deletions": 29,
        "date": "2019-04-04",
        "commitResults": [
          {
            "hash": "20bec21ad0acbc4d7a76d43dc2f7c8f049410841",
            "message": "add AnalyseCommand for statistics",
            "insertions": 90,
            "deletions": 21
          },
          {
            "hash": "8ab59a124e68446d64e888a6486cc43980e972a6",
            "message": "fix checkstyle errors",
            "insertions": 4,
            "deletions": 6
          },
          {
            "hash": "43b12cbb47d1d0f6c26cf90a3f1b0d673c828c30",
            "message": "update AnalyseCommand to show percentage completed",
            "insertions": 5,
            "deletions": 1
          },
          {
            "hash": "198f1df59bcb6fe1e1b96e93b2107c65719eeb43",
            "message": "fix checkstyle errors",
            "insertions": 1,
            "deletions": 1
          }
        ]
      },
      {
        "insertions": 0,
        "deletions": 0,
        "date": "2019-04-05",
        "commitResults": []
      },
      {
        "insertions": 8,
        "deletions": 1,
        "date": "2019-04-06",
        "commitResults": [
          {
            "hash": "571471af3ca5705c465d09e5e6e22ccd364bb768",
            "message": "fix percentage displayed bug by AnalyseCommand",
            "insertions": 8,
            "deletions": 1
          }
        ]
      },
      {
        "insertions": 0,
        "deletions": 0,
        "date": "2019-04-07",
        "commitResults": []
      },
      {
        "insertions": 0,
        "deletions": 0,
        "date": "2019-04-08",
        "commitResults": []
      }
    ],
    "gautamrajulu": [
      {
        "insertions": 0,
        "deletions": 0,
        "date": "2019-02-10",
        "commitResults": []
      },
      {
        "insertions": 0,
        "deletions": 0,
        "date": "2019-02-11",
        "commitResults": []
      },
      {
        "insertions": 0,
        "deletions": 0,
        "date": "2019-02-12",
        "commitResults": []
      },
      {
        "insertions": 0,
        "deletions": 0,
        "date": "2019-02-13",
        "commitResults": []
      },
      {
        "insertions": 0,
        "deletions": 0,
        "date": "2019-02-14",
        "commitResults": []
      },
      {
        "insertions": 0,
        "deletions": 0,
        "date": "2019-02-15",
        "commitResults": []
      },
      {
        "insertions": 0,
        "deletions": 0,
        "date": "2019-02-16",
        "commitResults": []
      },
      {
        "insertions": 0,
        "deletions": 0,
        "date": "2019-02-17",
        "commitResults": []
      },
      {
        "insertions": 0,
        "deletions": 0,
        "date": "2019-02-18",
        "commitResults": []
      },
      {
        "insertions": 0,
        "deletions": 0,
        "date": "2019-02-19",
        "commitResults": []
      },
      {
        "insertions": 0,
        "deletions": 0,
        "date": "2019-02-20",
        "commitResults": []
      },
      {
        "insertions": 0,
        "deletions": 0,
        "date": "2019-02-21",
        "commitResults": []
      },
      {
        "insertions": 0,
        "deletions": 0,
        "date": "2019-02-22",
        "commitResults": []
      },
      {
        "insertions": 0,
        "deletions": 0,
        "date": "2019-02-23",
        "commitResults": []
      },
      {
        "insertions": 0,
        "deletions": 0,
        "date": "2019-02-24",
        "commitResults": []
      },
      {
        "insertions": 0,
        "deletions": 0,
        "date": "2019-02-25",
        "commitResults": []
      },
      {
        "insertions": 0,
        "deletions": 0,
        "date": "2019-02-26",
        "commitResults": []
      },
      {
        "insertions": 0,
        "deletions": 0,
        "date": "2019-02-27",
        "commitResults": []
      },
      {
        "insertions": 0,
        "deletions": 0,
        "date": "2019-02-28",
        "commitResults": []
      },
      {
        "insertions": 0,
        "deletions": 0,
        "date": "2019-03-01",
        "commitResults": []
      },
      {
        "insertions": 0,
        "deletions": 0,
        "date": "2019-03-02",
        "commitResults": []
      },
      {
        "insertions": 0,
        "deletions": 0,
        "date": "2019-03-03",
        "commitResults": []
      },
      {
        "insertions": 0,
        "deletions": 0,
        "date": "2019-03-04",
        "commitResults": []
      },
      {
        "insertions": 0,
        "deletions": 0,
        "date": "2019-03-05",
        "commitResults": []
      },
      {
        "insertions": 0,
        "deletions": 0,
        "date": "2019-03-06",
        "commitResults": []
      },
      {
        "insertions": 0,
        "deletions": 0,
        "date": "2019-03-07",
        "commitResults": []
      },
      {
        "insertions": 0,
        "deletions": 0,
        "date": "2019-03-08",
        "commitResults": []
      },
      {
        "insertions": 0,
        "deletions": 0,
        "date": "2019-03-09",
        "commitResults": []
      },
      {
        "insertions": 0,
        "deletions": 0,
        "date": "2019-03-10",
        "commitResults": []
      },
      {
        "insertions": 0,
        "deletions": 0,
        "date": "2019-03-11",
        "commitResults": []
      },
      {
        "insertions": 48,
        "deletions": 4,
        "date": "2019-03-12",
        "commitResults": [
          {
            "hash": "9c7bb805605bae3500738e37946821b1b0f5dee0",
            "message": "reforked removeTag",
            "insertions": 43,
            "deletions": 0
          },
          {
            "hash": "cdb92fd197f9bbd5b1bfe9e3709c45e7e4eaa8b3",
            "message": "fix checkstyle errors",
            "insertions": 5,
            "deletions": 4
          }
        ]
      },
      {
        "insertions": 0,
        "deletions": 0,
        "date": "2019-03-13",
        "commitResults": []
      },
      {
        "insertions": 0,
        "deletions": 0,
        "date": "2019-03-14",
        "commitResults": []
      },
      {
        "insertions": 0,
        "deletions": 0,
        "date": "2019-03-15",
        "commitResults": []
      },
      {
        "insertions": 0,
        "deletions": 0,
        "date": "2019-03-16",
        "commitResults": []
      },
      {
        "insertions": 0,
        "deletions": 0,
        "date": "2019-03-17",
        "commitResults": []
      },
      {
        "insertions": 10,
        "deletions": 11,
        "date": "2019-03-18",
        "commitResults": [
          {
            "hash": "7e93059f443166427e5f3892e9c6d3c9d8e3eb1f",
            "message": "checkstyle errors fix",
            "insertions": 2,
            "deletions": 2
          },
          {
            "hash": "18d56dee5a17bf9036df9bcb3adb4f4efc679d02",
            "message": "fix breaks due to change in task variables",
            "insertions": 4,
            "deletions": 5
          },
          {
            "hash": "5d0e4fd203e46bc3635da09a0602cf4a41796c7d",
            "message": "checkstye fix",
            "insertions": 1,
            "deletions": 1
          },
          {
            "hash": "14570b871a2c946e335cd7a422c71ac19ead4b99",
            "message": "fix checkstyle",
            "insertions": 1,
            "deletions": 1
          },
          {
            "hash": "94792584eded047e8aa7f154098c1f1e44e24018",
            "message": "Change person to task",
            "insertions": 1,
            "deletions": 1
          },
          {
            "hash": "1259475230516e53d86b54f10da55422baa0f0e1",
            "message": "removed person in comments replaced with task",
            "insertions": 1,
            "deletions": 1
          }
        ]
      },
      {
        "insertions": 0,
        "deletions": 0,
        "date": "2019-03-19",
        "commitResults": []
      },
      {
        "insertions": 0,
        "deletions": 0,
        "date": "2019-03-20",
        "commitResults": []
      },
      {
        "insertions": 0,
        "deletions": 0,
        "date": "2019-03-21",
        "commitResults": []
      },
      {
        "insertions": 72,
        "deletions": 25,
        "date": "2019-03-22",
        "commitResults": [
          {
            "hash": "5e7fb8a51fec95e1abac7c643f487bf2467fc1c9",
            "message": "UserGuide: Update 1 - 4",
            "insertions": 30,
            "deletions": 22
          },
          {
            "hash": "ece72068583b65b302a9fe4e1b65f890f1d9abdd",
            "message": "ListCommand: enable listing of task and project",
            "insertions": 42,
            "deletions": 3
          }
        ]
      },
      {
        "insertions": 0,
        "deletions": 0,
        "date": "2019-03-23",
        "commitResults": []
      },
      {
        "insertions": 0,
        "deletions": 0,
        "date": "2019-03-24",
        "commitResults": []
      },
      {
        "insertions": 0,
        "deletions": 0,
        "date": "2019-03-25",
        "commitResults": []
      },
      {
        "insertions": 0,
        "deletions": 0,
        "date": "2019-03-26",
        "commitResults": []
      },
      {
        "insertions": 0,
        "deletions": 0,
        "date": "2019-03-27",
        "commitResults": []
      },
      {
        "insertions": 0,
        "deletions": 0,
        "date": "2019-03-28",
        "commitResults": []
      },
      {
        "insertions": 69,
        "deletions": 1,
        "date": "2019-03-29",
        "commitResults": [
          {
            "hash": "0c017af196bc8b03044508b5f63e8df162db9263",
            "message": "ListByDeadlineCommand",
            "insertions": 69,
            "deletions": 1
          }
        ]
      },
      {
        "insertions": 0,
        "deletions": 0,
        "date": "2019-03-30",
        "commitResults": []
      },
      {
        "insertions": 0,
        "deletions": 0,
        "date": "2019-03-31",
        "commitResults": []
      },
      {
        "insertions": 6,
        "deletions": 6,
        "date": "2019-04-01",
        "commitResults": [
          {
            "hash": "1bfea447462eaadef8fae246d5f587ff9e77a262",
            "message": "Introduction and How to use this guide preface",
            "insertions": 6,
            "deletions": 6
          }
        ]
      },
      {
        "insertions": 23,
        "deletions": 1,
        "date": "2019-04-02",
        "commitResults": [
          {
            "hash": "ddd1e0feecee867bd9d54da5505a28db1836a0f7",
            "message": "List and ListProject commands",
            "insertions": 8,
            "deletions": 1
          },
          {
            "hash": "ad0878a73a46574bc8c6d53ca59325a103094f88",
            "message": "Developer Guide Changes",
            "insertions": 15,
            "deletions": 0
          }
        ]
      },
      {
        "insertions": 0,
        "deletions": 0,
        "date": "2019-04-03",
        "commitResults": []
      },
      {
        "insertions": 0,
        "deletions": 0,
        "date": "2019-04-04",
        "commitResults": []
      },
      {
        "insertions": 99,
        "deletions": 91,
        "date": "2019-04-05",
        "commitResults": [
          {
            "hash": "42baf6aafeba50980dfe9b874ec4423fa5e63e17",
            "message": "Additions to code",
            "insertions": 54,
            "deletions": 43
          },
          {
            "hash": "316659bbb684ce0e3f98f58f8b55e63af88f9a75",
            "message": "sortDeadline",
            "insertions": 45,
            "deletions": 48
          }
        ]
      },
      {
        "insertions": 4,
        "deletions": 110,
        "date": "2019-04-06",
        "commitResults": [
          {
            "hash": "8711e4bf038a01af5fce87fdc7963ec8ee5e01cb",
            "message": "merge conflicts",
            "insertions": 0,
            "deletions": 100
          },
          {
            "hash": "d8ced25a1892e46e7264ce0d8f6ffcd30bab55fb",
            "message": "fixed checkstyle",
            "insertions": 4,
            "deletions": 10
          }
        ]
      },
      {
        "insertions": 6,
        "deletions": 1,
        "date": "2019-04-07",
        "commitResults": [
          {
            "hash": "50d181a0078b7322e9d6fbb2431f99b170d238ca",
            "message": "rebase changes",
            "insertions": 2,
            "deletions": 0
          },
          {
            "hash": "26969d3cae49235b27c835a1e20086cdc46a2073",
            "message": "change test",
            "insertions": 4,
            "deletions": 1
          }
        ]
      },
      {
        "insertions": 0,
        "deletions": 0,
        "date": "2019-04-08",
        "commitResults": []
      }
    ],
    "josephinetanadi": [
      {
        "insertions": 0,
        "deletions": 0,
        "date": "2019-02-10",
        "commitResults": []
      },
      {
        "insertions": 0,
        "deletions": 0,
        "date": "2019-02-11",
        "commitResults": []
      },
      {
        "insertions": 0,
        "deletions": 0,
        "date": "2019-02-12",
        "commitResults": []
      },
      {
        "insertions": 0,
        "deletions": 0,
        "date": "2019-02-13",
        "commitResults": []
      },
      {
        "insertions": 0,
        "deletions": 0,
        "date": "2019-02-14",
        "commitResults": []
      },
      {
        "insertions": 0,
        "deletions": 0,
        "date": "2019-02-15",
        "commitResults": []
      },
      {
        "insertions": 0,
        "deletions": 0,
        "date": "2019-02-16",
        "commitResults": []
      },
      {
        "insertions": 0,
        "deletions": 0,
        "date": "2019-02-17",
        "commitResults": []
      },
      {
        "insertions": 0,
        "deletions": 0,
        "date": "2019-02-18",
        "commitResults": []
      },
      {
        "insertions": 0,
        "deletions": 0,
        "date": "2019-02-19",
        "commitResults": []
      },
      {
        "insertions": 0,
        "deletions": 0,
        "date": "2019-02-20",
        "commitResults": []
      },
      {
        "insertions": 10,
        "deletions": 7,
        "date": "2019-02-21",
        "commitResults": [
          {
            "hash": "c24f13858a22dc1e6550d1d261e588b6cad1abb3",
            "message": "UserGuide: update instructions for select",
            "insertions": 10,
            "deletions": 7
          }
        ]
      },
      {
        "insertions": 0,
        "deletions": 0,
        "date": "2019-02-22",
        "commitResults": []
      },
      {
        "insertions": 48,
        "deletions": 3,
        "date": "2019-02-23",
        "commitResults": [
          {
            "hash": "742fd43f45a278d19c70ebd0992aa946c6d85650",
            "message": "User Guide: update instructions for multiple commands",
            "insertions": 48,
            "deletions": 3
          }
        ]
      },
      {
        "insertions": 0,
        "deletions": 0,
        "date": "2019-02-24",
        "commitResults": []
      },
      {
        "insertions": 15,
        "deletions": 1,
        "date": "2019-02-25",
        "commitResults": [
          {
            "hash": "27065f91073a07fb05120c36206df0098c54a416",
            "message": "Export: add export feature for local storage",
            "insertions": 14,
            "deletions": 0
          },
          {
            "hash": "35011530f7613d3b868a392649300d6222a7c9eb",
            "message": "Export: fix travis check error",
            "insertions": 1,
            "deletions": 1
          }
        ]
      },
      {
        "insertions": 0,
        "deletions": 0,
        "date": "2019-02-26",
        "commitResults": []
      },
      {
        "insertions": 0,
        "deletions": 0,
        "date": "2019-02-27",
        "commitResults": []
      },
      {
        "insertions": 0,
        "deletions": 0,
        "date": "2019-02-28",
        "commitResults": []
      },
      {
        "insertions": 0,
        "deletions": 0,
        "date": "2019-03-01",
        "commitResults": []
      },
      {
        "insertions": 0,
        "deletions": 0,
        "date": "2019-03-02",
        "commitResults": []
      },
      {
        "insertions": 0,
        "deletions": 0,
        "date": "2019-03-03",
        "commitResults": []
      },
      {
        "insertions": 0,
        "deletions": 0,
        "date": "2019-03-04",
        "commitResults": []
      },
      {
        "insertions": 0,
        "deletions": 0,
        "date": "2019-03-05",
        "commitResults": []
      },
      {
        "insertions": 327,
        "deletions": 327,
        "date": "2019-03-06",
        "commitResults": [
          {
            "hash": "dd8406e44c18a48cb48af53bdd003d80851aa3f5",
            "message": "All: fix checkstyle error",
            "insertions": 327,
            "deletions": 327
          }
        ]
      },
      {
        "insertions": 0,
        "deletions": 0,
        "date": "2019-03-07",
        "commitResults": []
      },
      {
        "insertions": 0,
        "deletions": 0,
        "date": "2019-03-08",
        "commitResults": []
      },
      {
        "insertions": 0,
        "deletions": 0,
        "date": "2019-03-09",
        "commitResults": []
      },
      {
        "insertions": 0,
        "deletions": 0,
        "date": "2019-03-10",
        "commitResults": []
      },
      {
        "insertions": 1328,
        "deletions": 160,
        "date": "2019-03-11",
        "commitResults": [
          {
            "hash": "ffb1db9d65dfc55c5b69f4bcbaf170e097ed60e1",
            "message": "Storage: add projectlist implementation",
            "insertions": 758,
            "deletions": 45
          },
          {
            "hash": "4f408dcf5afb3e313dc5902cb4c04f847525937a",
            "message": "Storage: resolve travis error",
            "insertions": 30,
            "deletions": 7
          },
          {
            "hash": "0492b606654b56e9c43cfaa7f1edc2a9fb73ee97",
            "message": "Storage: resolve more travis error",
            "insertions": 31,
            "deletions": 26
          },
          {
            "hash": "fe677e9a0c0e7744ed6fe51d7c90ba6dabf84782",
            "message": "Storage: modify tests for projectlist",
            "insertions": 509,
            "deletions": 82
          }
        ]
      },
      {
        "insertions": 0,
        "deletions": 0,
        "date": "2019-03-12",
        "commitResults": []
      },
      {
        "insertions": 0,
        "deletions": 0,
        "date": "2019-03-13",
        "commitResults": []
      },
      {
        "insertions": 1289,
        "deletions": 1629,
        "date": "2019-03-14",
        "commitResults": [
          {
            "hash": "49b01364db6db109d8dae46293c842c610efa33c",
            "message": "All: convert person to task",
            "insertions": 1289,
            "deletions": 1629
          }
        ]
      },
      {
        "insertions": 0,
        "deletions": 0,
        "date": "2019-03-15",
        "commitResults": []
      },
      {
        "insertions": 0,
        "deletions": 0,
        "date": "2019-03-16",
        "commitResults": []
      },
      {
        "insertions": 0,
        "deletions": 0,
        "date": "2019-03-17",
        "commitResults": []
      },
      {
        "insertions": 42,
        "deletions": 0,
        "date": "2019-03-18",
        "commitResults": [
          {
            "hash": "c85983ba8b4f8581a87408a6db5a470bc402720c",
            "message": "DeveloperGuide: update with import/export feature implementation",
            "insertions": 42,
            "deletions": 0
          }
        ]
      },
      {
        "insertions": 0,
        "deletions": 0,
        "date": "2019-03-19",
        "commitResults": []
      },
      {
        "insertions": 0,
        "deletions": 0,
        "date": "2019-03-20",
        "commitResults": []
      },
      {
        "insertions": 1129,
        "deletions": 358,
        "date": "2019-03-21",
        "commitResults": [
          {
            "hash": "03af67d694ad026db86fdb0c2fd40f86c730c653",
            "message": "import: allow project list startup and import command",
            "insertions": 1050,
            "deletions": 345
          },
          {
            "hash": "70660cdaa9ecee0e7193579d1e8068cdcfb45b48",
            "message": "UserGuide: update faq and command summary",
            "insertions": 79,
            "deletions": 13
          }
        ]
      },
      {
        "insertions": 258,
        "deletions": 115,
        "date": "2019-03-22",
        "commitResults": [
          {
            "hash": "bef0523d96b93438395e64a98cfad38d1e172644",
            "message": "Export: project list startup and implement export feature",
            "insertions": 258,
            "deletions": 115
          }
        ]
      },
      {
        "insertions": 0,
        "deletions": 0,
        "date": "2019-03-23",
        "commitResults": []
      },
      {
        "insertions": 0,
        "deletions": 0,
        "date": "2019-03-24",
        "commitResults": []
      },
      {
        "insertions": 82,
        "deletions": 39,
        "date": "2019-03-25",
        "commitResults": [
          {
            "hash": "a16d7ca95737d4988a60733414418a6b7392c69d",
            "message": "Export: export feature and resolve project listing errors",
            "insertions": 82,
            "deletions": 39
          }
        ]
      },
      {
        "insertions": 0,
        "deletions": 0,
        "date": "2019-03-26",
        "commitResults": []
      },
      {
        "insertions": 0,
        "deletions": 0,
        "date": "2019-03-27",
        "commitResults": []
      },
      {
        "insertions": 658,
        "deletions": 532,
        "date": "2019-03-28",
        "commitResults": [
          {
            "hash": "eed820a6ec7b67acddebd9651e532f654c6a6ea3",
            "message": "Testcase: update add, clear, delete systemtests",
            "insertions": 658,
            "deletions": 532
          }
        ]
      },
      {
        "insertions": 0,
        "deletions": 0,
        "date": "2019-03-29",
        "commitResults": []
      },
      {
        "insertions": 0,
        "deletions": 0,
        "date": "2019-03-30",
        "commitResults": []
      },
      {
        "insertions": 29,
        "deletions": 19,
        "date": "2019-03-31",
        "commitResults": [
          {
            "hash": "69be3856142602745e3eec0f045508e34e8a44cc",
            "message": "DeveloperGuide: update DG with updated import/export implementation",
            "insertions": 29,
            "deletions": 19
          }
        ]
      },
      {
        "insertions": 60,
        "deletions": 84,
        "date": "2019-04-01",
        "commitResults": [
          {
            "hash": "d288a69955fe86f1fe06ab5a1d0c60a2f47b5cd8",
            "message": "resolve merge conflict",
            "insertions": 49,
            "deletions": 67
          },
          {
            "hash": "5bec6a10a924e36454ea7ed2a256559a3d9548c9",
            "message": "Import and UI: fix import bug at task level and panel shading bug at UI",
            "insertions": 9,
            "deletions": 14
          },
          {
            "hash": "2a8ee70b8700060b769325bd97aecd82423fa270",
            "message": "Fix travis checkstyle error",
            "insertions": 2,
            "deletions": 3
          }
        ]
      },
      {
        "insertions": 24,
        "deletions": 37,
        "date": "2019-04-02",
        "commitResults": [
          {
            "hash": "ac1e11a81e3a2cfaec3bc0a6fd27a21d83e2dc70",
            "message": "ProjectPortfolio: update PPP with contributions",
            "insertions": 22,
            "deletions": 35
          },
          {
            "hash": "80c4a19be4cbe1b4501ef158cda39c74eb7083b7",
            "message": "ProjectPortfolio: with reposense link",
            "insertions": 2,
            "deletions": 2
          }
        ]
      },
      {
        "insertions": 0,
        "deletions": 0,
        "date": "2019-04-03",
        "commitResults": []
      },
      {
        "insertions": 888,
        "deletions": 158,
        "date": "2019-04-04",
        "commitResults": [
          {
            "hash": "3ab061434e694cae3d64e159ca543e0b3fb58471",
            "message": "TestCase: update testcase for import, export and storage",
            "insertions": 733,
            "deletions": 27
          },
          {
            "hash": "a34dba5a7bec5beda39179946e800b537540b5a3",
            "message": "Fix Travis error",
            "insertions": 4,
            "deletions": 7
          },
          {
            "hash": "0fbedc065e25f761ad308813fdd59f965b24446b",
            "message": "TestCase: Fix failing tests",
            "insertions": 90,
            "deletions": 64
          },
          {
            "hash": "6132a77ad389b1eebedf179c299348ff648a7f21",
            "message": "TestCase: Revert to original browser panel tc",
            "insertions": 5,
            "deletions": 3
          },
          {
            "hash": "aac37881e8cf9ae72dbff58bcbc3d36d852ac4c6",
            "message": "All: fix date and month format",
            "insertions": 56,
            "deletions": 57
          }
        ]
      },
      {
        "insertions": 132,
        "deletions": 195,
        "date": "2019-04-05",
        "commitResults": [
          {
            "hash": "94074c11463989ae08ed5458236d80c3ca7cb522",
            "message": "ProjectPortfolio: Update PPP and relevant sections of UGDG",
            "insertions": 54,
            "deletions": 22
          },
          {
            "hash": "8900aedb57ac47c68fc7c284634e40a32e79e790",
            "message": "UI: update browser panel to display task after selecting task",
            "insertions": 78,
            "deletions": 173
          }
        ]
      },
      {
        "insertions": 12,
        "deletions": 5,
        "date": "2019-04-06",
        "commitResults": [
          {
            "hash": "3f5c84da70a7bcf6291c20a33daf7e165ee0edf9",
            "message": "Fix empty task list bug",
            "insertions": 12,
            "deletions": 5
          }
        ]
      },
      {
        "insertions": 0,
        "deletions": 0,
        "date": "2019-04-07",
        "commitResults": []
      },
      {
        "insertions": 69,
        "deletions": 18,
        "date": "2019-04-08",
        "commitResults": [
          {
            "hash": "8b3a2bf8e53ed0e75d1238a752b5281a53c51856",
            "message": "Fix setSelectedProject bug",
            "insertions": 69,
            "deletions": 18
          }
        ]
      }
    ],
    "arhjaye": [
      {
        "insertions": 0,
        "deletions": 0,
        "date": "2019-02-10",
        "commitResults": []
      },
      {
        "insertions": 0,
        "deletions": 0,
        "date": "2019-02-11",
        "commitResults": []
      },
      {
        "insertions": 0,
        "deletions": 0,
        "date": "2019-02-12",
        "commitResults": []
      },
      {
        "insertions": 0,
        "deletions": 0,
        "date": "2019-02-13",
        "commitResults": []
      },
      {
        "insertions": 0,
        "deletions": 0,
        "date": "2019-02-14",
        "commitResults": []
      },
      {
        "insertions": 0,
        "deletions": 0,
        "date": "2019-02-15",
        "commitResults": []
      },
      {
        "insertions": 0,
        "deletions": 0,
        "date": "2019-02-16",
        "commitResults": []
      },
      {
        "insertions": 0,
        "deletions": 0,
        "date": "2019-02-17",
        "commitResults": []
      },
      {
        "insertions": 0,
        "deletions": 0,
        "date": "2019-02-18",
        "commitResults": []
      },
      {
        "insertions": 0,
        "deletions": 0,
        "date": "2019-02-19",
        "commitResults": []
      },
      {
        "insertions": 0,
        "deletions": 0,
        "date": "2019-02-20",
        "commitResults": []
      },
      {
        "insertions": 0,
        "deletions": 0,
        "date": "2019-02-21",
        "commitResults": []
      },
      {
        "insertions": 1,
        "deletions": 1,
        "date": "2019-02-22",
        "commitResults": [
          {
            "hash": "b89bbf72ff2d29d46e190bf8e51d674fbd7f3135",
            "message": "DeveloperGuide: update credits for address book",
            "insertions": 1,
            "deletions": 1
          }
        ]
      },
      {
        "insertions": 0,
        "deletions": 0,
        "date": "2019-02-23",
        "commitResults": []
      },
      {
        "insertions": 102,
        "deletions": 39,
        "date": "2019-02-24",
        "commitResults": [
          {
            "hash": "f09db617d8e232be14d285e6230f8d413d489e5b",
            "message": "DeveloperGuide: update Appendix B, C, D \u0026 H",
            "insertions": 102,
            "deletions": 39
          }
        ]
      },
      {
        "insertions": 0,
        "deletions": 0,
        "date": "2019-02-25",
        "commitResults": []
      },
      {
        "insertions": 16,
        "deletions": 4,
        "date": "2019-02-26",
        "commitResults": [
          {
            "hash": "4fcb043281be8ebb1986502348e50c313f48367c",
            "message": "Display total persons: Able to show total person, unable to update",
            "insertions": 16,
            "deletions": 4
          }
        ]
      },
      {
        "insertions": 8,
        "deletions": 7,
        "date": "2019-02-27",
        "commitResults": [
          {
            "hash": "3110b1c7e99b518b6a3c4ffd38c5a34d93549162",
            "message": "display total persons: fixed travis check",
            "insertions": 1,
            "deletions": 1
          },
          {
            "hash": "c1dc1e5fc1178b470333d9b757428958533d62f9",
            "message": "Display total persons: fixed travis check",
            "insertions": 7,
            "deletions": 6
          }
        ]
      },
      {
        "insertions": 0,
        "deletions": 0,
        "date": "2019-02-28",
        "commitResults": []
      },
      {
        "insertions": 10,
        "deletions": 4,
        "date": "2019-03-01",
        "commitResults": [
          {
            "hash": "620aa7f3ac7054b4f9c9a9bf76982d7e36a808b4",
            "message": "Display total person: able to update",
            "insertions": 10,
            "deletions": 4
          }
        ]
      },
      {
        "insertions": 0,
        "deletions": 0,
        "date": "2019-03-02",
        "commitResults": []
      },
      {
        "insertions": 0,
        "deletions": 0,
        "date": "2019-03-03",
        "commitResults": []
      },
      {
        "insertions": 0,
        "deletions": 0,
        "date": "2019-03-04",
        "commitResults": []
      },
      {
        "insertions": 0,
        "deletions": 0,
        "date": "2019-03-05",
        "commitResults": []
      },
      {
        "insertions": 0,
        "deletions": 0,
        "date": "2019-03-06",
        "commitResults": []
      },
      {
        "insertions": 0,
        "deletions": 0,
        "date": "2019-03-07",
        "commitResults": []
      },
      {
        "insertions": 0,
        "deletions": 0,
        "date": "2019-03-08",
        "commitResults": []
      },
      {
        "insertions": 0,
        "deletions": 0,
        "date": "2019-03-09",
        "commitResults": []
      },
      {
        "insertions": 0,
        "deletions": 0,
        "date": "2019-03-10",
        "commitResults": []
      },
      {
        "insertions": 0,
        "deletions": 0,
        "date": "2019-03-11",
        "commitResults": []
      },
      {
        "insertions": 1708,
        "deletions": 1473,
        "date": "2019-03-12",
        "commitResults": [
          {
            "hash": "d62313b4a1c3278a5b95587525634bf920ff8e1a",
            "message": "compare task: add command to compare a task with its previous edited version",
            "insertions": 259,
            "deletions": 13
          },
          {
            "hash": "8ca71da2a77c56f9a832ed2e6e9fdbaadbe56fd5",
            "message": "Revert \"Merge branch \u0027master\u0027 into comparehistorytest\"",
            "insertions": 128,
            "deletions": 1297
          },
          {
            "hash": "6667bb206c63d833151b03d96baf1a3485e01de5",
            "message": "Revert \"Revert \"Merge branch \u0027master\u0027 into comparehistorytest\"\"",
            "insertions": 1297,
            "deletions": 128
          },
          {
            "hash": "74bf377503580fb61962af087f676aebee363cb0",
            "message": "compare task: updated versionedProject.java",
            "insertions": 1,
            "deletions": 0
          },
          {
            "hash": "c75a0e7e75791dd3564872e0071df761dfca5265",
            "message": "compare task: update versionedProject.java",
            "insertions": 16,
            "deletions": 33
          },
          {
            "hash": "1b5424c009f471c875cb7a4fb25d6395cc0aaef0",
            "message": "compare task: fixed travis error",
            "insertions": 7,
            "deletions": 2
          }
        ]
      },
      {
        "insertions": 0,
        "deletions": 0,
        "date": "2019-03-13",
        "commitResults": []
      },
      {
        "insertions": 0,
        "deletions": 0,
        "date": "2019-03-14",
        "commitResults": []
      },
      {
        "insertions": 0,
        "deletions": 0,
        "date": "2019-03-15",
        "commitResults": []
      },
      {
        "insertions": 0,
        "deletions": 0,
        "date": "2019-03-16",
        "commitResults": []
      },
      {
        "insertions": 0,
        "deletions": 0,
        "date": "2019-03-17",
        "commitResults": []
      },
      {
        "insertions": 246,
        "deletions": 324,
        "date": "2019-03-18",
        "commitResults": [
          {
            "hash": "ff5cf94e015b786fef94185f0c97410a2b505297",
            "message": "view task history: able to view pass commands made on a specific task",
            "insertions": 156,
            "deletions": 1
          },
          {
            "hash": "abb4c1235994e9378f9e8a1f14130f9c7b8ff6f3",
            "message": "Updated developer guide",
            "insertions": 44,
            "deletions": 290
          },
          {
            "hash": "34585330a98e0dd460922e2a2e9ef8fb45149377",
            "message": "update developer guide",
            "insertions": 0,
            "deletions": 33
          },
          {
            "hash": "b230d4a87b80e6d35ac343d72ab959ca64734c9c",
            "message": "update developer guide",
            "insertions": 46,
            "deletions": 0
          }
        ]
      },
      {
        "insertions": 0,
        "deletions": 0,
        "date": "2019-03-19",
        "commitResults": []
      },
      {
        "insertions": 124,
        "deletions": 42,
        "date": "2019-03-20",
        "commitResults": [
          {
            "hash": "9dd39fe0f547fd1ee069cb2b870daa0af601d9f4",
            "message": "update user guide structure",
            "insertions": 124,
            "deletions": 42
          }
        ]
      },
      {
        "insertions": 156,
        "deletions": 25,
        "date": "2019-03-21",
        "commitResults": [
          {
            "hash": "57e25e5712f861aea4224d91009d0a89afe6eed3",
            "message": "update UG",
            "insertions": 26,
            "deletions": 8
          },
          {
            "hash": "7e2f529f8dc3ab1caa7ec8251d69703a756aa2b6",
            "message": "update UG, 6.2.5 - 6.2.9",
            "insertions": 92,
            "deletions": 5
          },
          {
            "hash": "73ea39f987db698063c1835de3c00935a02525b1",
            "message": "update UG, 6.2.10",
            "insertions": 26,
            "deletions": 0
          },
          {
            "hash": "a24c9444af434587807c43e391c6914fde134a46",
            "message": "update UG, 6.2.10 fixed typo",
            "insertions": 3,
            "deletions": 3
          },
          {
            "hash": "4b02b0b2cbc8318b435e5527ac8462b4fa987189",
            "message": "update UG, 6.2.5 - 6.2.10",
            "insertions": 5,
            "deletions": 5
          },
          {
            "hash": "e9ea30bbe1118be021a2f643458ab0afba57028f",
            "message": "update UG, modified alias",
            "insertions": 4,
            "deletions": 4
          }
        ]
      },
      {
        "insertions": 0,
        "deletions": 0,
        "date": "2019-03-22",
        "commitResults": []
      },
      {
        "insertions": 0,
        "deletions": 0,
        "date": "2019-03-23",
        "commitResults": []
      },
      {
        "insertions": 0,
        "deletions": 0,
        "date": "2019-03-24",
        "commitResults": []
      },
      {
        "insertions": 8,
        "deletions": 310,
        "date": "2019-03-25",
        "commitResults": [
          {
            "hash": "9cee117378f2f02e226be1d4d6b5558d68be2a41",
            "message": "Fixed checkstyle",
            "insertions": 8,
            "deletions": 307
          },
          {
            "hash": "e8fe11b120deb05991c8659c0c964a2ea7fc331c",
            "message": "remove selectcommand from being considered as taskhistory",
            "insertions": 0,
            "deletions": 3
          }
        ]
      },
      {
        "insertions": 98,
        "deletions": 368,
        "date": "2019-03-26",
        "commitResults": [
          {
            "hash": "ea9aea083e202d24774689268fa0154de806b420",
            "message": "update developer: updated diagrams, added new feature",
            "insertions": 81,
            "deletions": 339
          },
          {
            "hash": "1735d173b7d663348bae15ee283ac02a2c0af7df",
            "message": "update developer:added implementation for view task history feature",
            "insertions": 17,
            "deletions": 29
          }
        ]
      },
      {
        "insertions": 232,
        "deletions": 82,
        "date": "2019-03-27",
        "commitResults": [
          {
            "hash": "75a8e0e75544ab815997f0f0fe24693aa46dbd54",
            "message": "fixed most test cases",
            "insertions": 232,
            "deletions": 82
          }
        ]
      },
      {
        "insertions": 0,
        "deletions": 0,
        "date": "2019-03-28",
        "commitResults": []
      },
      {
        "insertions": 375,
        "deletions": 122,
        "date": "2019-03-29",
        "commitResults": [
          {
            "hash": "2053cbb88ad02e843dce318f3aca440c4b488b55",
            "message": "fixed test case \u0026 travis",
            "insertions": 358,
            "deletions": 117
          },
          {
            "hash": "b617bf517b53aabd511eca3de4e2eca8e46ad34f",
            "message": "fixed travis clear command and storage test",
            "insertions": 3,
            "deletions": 3
          },
          {
            "hash": "8a7058829128024d27a5586cfb32ba1efbb99626",
            "message": "fixed travis clear command",
            "insertions": 4,
            "deletions": 0
          },
          {
            "hash": "d817ada3258f95778db1be2ef63c31e2e0153be5",
            "message": "fixed travis storage test",
            "insertions": 10,
            "deletions": 2
          }
        ]
      },
      {
        "insertions": 0,
        "deletions": 0,
        "date": "2019-03-30",
        "commitResults": []
      },
      {
        "insertions": 0,
        "deletions": 0,
        "date": "2019-03-31",
        "commitResults": []
      },
      {
        "insertions": 99,
        "deletions": 54,
        "date": "2019-04-01",
        "commitResults": [
          {
            "hash": "9bfdbffb5c19dc3b24f35500757c6e4c45a609c9",
            "message": "update readme.adoc UI image and text",
            "insertions": 2,
            "deletions": 4
          },
          {
            "hash": "2532bec21f0af93b393d8ce7846386bf46b9f9a4",
            "message": "fix bug for compare function",
            "insertions": 11,
            "deletions": 6
          },
          {
            "hash": "9d3b6eee0c7c327e93d9a4e9353a1db0faa00908",
            "message": "fixed travis check",
            "insertions": 1,
            "deletions": 2
          },
          {
            "hash": "c97be9a0d8108a186d9a17ee925bdb5834e96450",
            "message": "fixed bug for group tag",
            "insertions": 20,
            "deletions": 1
          },
          {
            "hash": "761f70e7c053d751aa58b5effa18a3b9dc0e7fe3",
            "message": "fix listDeadline bug",
            "insertions": 29,
            "deletions": 27
          },
          {
            "hash": "1cc411669517d7f7efc07316f2c0ef5253b1c136",
            "message": "updated aboutus page",
            "insertions": 10,
            "deletions": 10
          },
          {
            "hash": "3216f5c9c0bed2a316faefee49fe0dc3fd6f7887",
            "message": "fixed checkstyle error by travis",
            "insertions": 26,
            "deletions": 4
          }
        ]
      },
      {
        "insertions": 0,
        "deletions": 0,
        "date": "2019-04-02",
        "commitResults": []
      },
      {
        "insertions": 0,
        "deletions": 0,
        "date": "2019-04-03",
        "commitResults": []
      },
      {
        "insertions": 401,
        "deletions": 56,
        "date": "2019-04-04",
        "commitResults": [
          {
            "hash": "36de3a76082f1ecc303cfe4135639319d9c7f195",
            "message": "[v1.4] Fix Bugs (#147)",
            "insertions": 91,
            "deletions": 51
          },
          {
            "hash": "0f539592589ee71a0e2eb7c9ff10d63d256f2941",
            "message": "[v1.4] Update test for compare and taskhistory (#140)",
            "insertions": 310,
            "deletions": 5
          }
        ]
      },
      {
        "insertions": 65,
        "deletions": 49,
        "date": "2019-04-05",
        "commitResults": [
          {
            "hash": "9f3c9c8dc831bc4d00ccb635d8e18a2c6b17ab50",
            "message": "update PPP (#137)",
            "insertions": 46,
            "deletions": 39
          },
          {
            "hash": "fab8dd77d36376c2e74266528eaffe5fcc5112fc",
            "message": "Update PPP - YRJ (#173)",
            "insertions": 19,
            "deletions": 10
          }
        ]
      },
      {
        "insertions": 7,
        "deletions": 4,
        "date": "2019-04-06",
        "commitResults": [
          {
            "hash": "6b03cc27b7afc53fafd2c98a48c3beb3b0709e17",
            "message": "Fix Bugs (#175)",
            "insertions": 7,
            "deletions": 4
          }
        ]
      },
      {
        "insertions": 125,
        "deletions": 41,
        "date": "2019-04-07",
        "commitResults": [
          {
            "hash": "d9ed973a52fe9c359b3a9cf36df2cda5edeb7905",
            "message": "updated PPP \u0026 UG \u0026 DG Diagram (#182)",
            "insertions": 88,
            "deletions": 39
          },
          {
            "hash": "27f76276577c0c64e08381ddf3f10075127564d1",
            "message": "update UG (#181)",
            "insertions": 37,
            "deletions": 2
          }
        ]
      },
      {
        "insertions": 58,
        "deletions": 27,
        "date": "2019-04-08",
        "commitResults": [
          {
            "hash": "343ec4991d869a5f2bcb87aa4e4d4aefe8a62357",
            "message": "Fix Bug \u0026 Test cases  (#183)",
            "insertions": 39,
            "deletions": 18
          },
          {
            "hash": "64083c6c9b812453d9b0347a02534e4ac6dec3cc",
            "message": "fix sort and compare (#185)",
            "insertions": 19,
            "deletions": 9
          }
        ]
      }
    ],
    "andreathniah": [
      {
        "insertions": 0,
        "deletions": 0,
        "date": "2019-02-10",
        "commitResults": []
      },
      {
        "insertions": 0,
        "deletions": 0,
        "date": "2019-02-11",
        "commitResults": []
      },
      {
        "insertions": 0,
        "deletions": 0,
        "date": "2019-02-12",
        "commitResults": []
      },
      {
        "insertions": 0,
        "deletions": 0,
        "date": "2019-02-13",
        "commitResults": []
      },
      {
        "insertions": 0,
        "deletions": 0,
        "date": "2019-02-14",
        "commitResults": []
      },
      {
        "insertions": 0,
        "deletions": 0,
        "date": "2019-02-15",
        "commitResults": []
      },
      {
        "insertions": 0,
        "deletions": 0,
        "date": "2019-02-16",
        "commitResults": []
      },
      {
        "insertions": 0,
        "deletions": 0,
        "date": "2019-02-17",
        "commitResults": []
      },
      {
        "insertions": 0,
        "deletions": 0,
        "date": "2019-02-18",
        "commitResults": []
      },
      {
        "insertions": 0,
        "deletions": 0,
        "date": "2019-02-19",
        "commitResults": []
      },
      {
        "insertions": 654,
        "deletions": 88,
        "date": "2019-02-20",
        "commitResults": [
          {
            "hash": "9c56bbf0c01e6ef06e3cb2d30227293ac8b0e883",
            "message": "README: update contents for v1.1",
            "insertions": 12,
            "deletions": 15
          },
          {
            "hash": "f2ae86274b48a4c5acc663d01ae4525b3ee38257",
            "message": "README: update contents for v1.1",
            "insertions": 12,
            "deletions": 15
          },
          {
            "hash": "87d8913a9861eb2124082bcd0a052fbbbe0bb160",
            "message": "AboutUs: update contents for v1.1",
            "insertions": 311,
            "deletions": 24
          },
          {
            "hash": "267459f8ef395ab8c0815fcf03981f7dcde3aff4",
            "message": "AboutUs: update contents for v1.1",
            "insertions": 311,
            "deletions": 24
          },
          {
            "hash": "1c57fbc0aec8e52eb108ffd35de2bd0a41560dd3",
            "message": "Docs: update contents to conform to travis checks",
            "insertions": 3,
            "deletions": 4
          },
          {
            "hash": "c9cb5065a20ef1598546cfc1418abac2e0b03d4a",
            "message": "Docs: update contents to conform to travis checks",
            "insertions": 3,
            "deletions": 4
          },
          {
            "hash": "6a0778424da4dfe20b446fa7d6f0312897e3f154",
            "message": "AboutUs: fix typo in Renjie\u0027s github profile link",
            "insertions": 1,
            "deletions": 1
          },
          {
            "hash": "55c2918743877086bd59a9b4708ba0bd50d9edd1",
            "message": "AboutUs: fix typo in Renjie\u0027s github profile link",
            "insertions": 1,
            "deletions": 1
          }
        ]
      },
      {
        "insertions": 0,
        "deletions": 0,
        "date": "2019-02-21",
        "commitResults": []
      },
      {
        "insertions": 0,
        "deletions": 0,
        "date": "2019-02-22",
        "commitResults": []
      },
      {
        "insertions": 0,
        "deletions": 0,
        "date": "2019-02-23",
        "commitResults": []
      },
      {
        "insertions": 73,
        "deletions": 9,
        "date": "2019-02-24",
        "commitResults": [
          {
            "hash": "b9c20119ef5a1730288ced50921a1abb31884536",
            "message": "AddTagColor: updated PersonCard to randomly select colors of a tag",
            "insertions": 73,
            "deletions": 9
          }
        ]
      },
      {
        "insertions": 0,
        "deletions": 0,
        "date": "2019-02-25",
        "commitResults": []
      },
      {
        "insertions": 0,
        "deletions": 0,
        "date": "2019-02-26",
        "commitResults": []
      },
      {
        "insertions": 0,
        "deletions": 0,
        "date": "2019-02-27",
        "commitResults": []
      },
      {
        "insertions": 0,
        "deletions": 0,
        "date": "2019-02-28",
        "commitResults": []
      },
      {
        "insertions": 0,
        "deletions": 0,
        "date": "2019-03-01",
        "commitResults": []
      },
      {
        "insertions": 9,
        "deletions": 9,
        "date": "2019-03-02",
        "commitResults": [
          {
            "hash": "8c79a3e9e9db8e012b883c160d4237f3e063cd8e",
            "message": "AboutUs: replace jpg images with png",
            "insertions": 5,
            "deletions": 5
          },
          {
            "hash": "61bb32363369777aca22ad3e9286c293fa601f3a",
            "message": "AboutUs: update images and team doc to conform to their github username",
            "insertions": 4,
            "deletions": 4
          }
        ]
      },
      {
        "insertions": 0,
        "deletions": 0,
        "date": "2019-03-03",
        "commitResults": []
      },
      {
        "insertions": 0,
        "deletions": 0,
        "date": "2019-03-04",
        "commitResults": []
      },
      {
        "insertions": 0,
        "deletions": 0,
        "date": "2019-03-05",
        "commitResults": []
      },
      {
        "insertions": 5780,
        "deletions": 5704,
        "date": "2019-03-06",
        "commitResults": [
          {
            "hash": "65effae36c757eb2297d5b8d5fe8a8073fad39ee",
            "message": "All: renaming of variables from AddressBook to fit project context",
            "insertions": 5780,
            "deletions": 5704
          }
        ]
      },
      {
        "insertions": 139,
        "deletions": 139,
        "date": "2019-03-07",
        "commitResults": [
          {
            "hash": "a8cf90770502194fd7679812b06faa114d676191",
            "message": "All: fix mistakes from mass replacement",
            "insertions": 139,
            "deletions": 139
          }
        ]
      },
      {
        "insertions": 0,
        "deletions": 0,
        "date": "2019-03-08",
        "commitResults": []
      },
      {
        "insertions": 0,
        "deletions": 0,
        "date": "2019-03-09",
        "commitResults": []
      },
      {
        "insertions": 0,
        "deletions": 0,
        "date": "2019-03-10",
        "commitResults": []
      },
      {
        "insertions": 0,
        "deletions": 0,
        "date": "2019-03-11",
        "commitResults": []
      },
      {
        "insertions": 0,
        "deletions": 0,
        "date": "2019-03-12",
        "commitResults": []
      },
      {
        "insertions": 0,
        "deletions": 0,
        "date": "2019-03-13",
        "commitResults": []
      },
      {
        "insertions": 0,
        "deletions": 0,
        "date": "2019-03-14",
        "commitResults": []
      },
      {
        "insertions": 0,
        "deletions": 0,
        "date": "2019-03-15",
        "commitResults": []
      },
      {
        "insertions": 0,
        "deletions": 0,
        "date": "2019-03-16",
        "commitResults": []
      },
      {
        "insertions": 0,
        "deletions": 0,
        "date": "2019-03-17",
        "commitResults": []
      },
      {
        "insertions": 78,
        "deletions": 4,
        "date": "2019-03-18",
        "commitResults": [
          {
            "hash": "c17a540678dc16b8b9b416cecd0204c66c2245fe",
            "message": "ListTags: filter results to allow printing of all tags and their task name",
            "insertions": 46,
            "deletions": 0
          },
          {
            "hash": "3f5c0eecdd834b91d0c5c44f21f31a859ab3fcd5",
            "message": "ListTags: enable printing of results to CommandResult",
            "insertions": 10,
            "deletions": 4
          },
          {
            "hash": "a12bb493424571818ced71566b1748789df6b75e",
            "message": "DeveloperGuide: update with list tag feature implementation",
            "insertions": 22,
            "deletions": 0
          }
        ]
      },
      {
        "insertions": 0,
        "deletions": 0,
        "date": "2019-03-19",
        "commitResults": []
      },
      {
        "insertions": 0,
        "deletions": 0,
        "date": "2019-03-20",
        "commitResults": []
      },
      {
        "insertions": 65,
        "deletions": 20,
        "date": "2019-03-21",
        "commitResults": [
          {
            "hash": "31fd57d0f9dd8650aa6cd5432f5a19f1d3774790",
            "message": "UserGuide: update project level features",
            "insertions": 65,
            "deletions": 20
          }
        ]
      },
      {
        "insertions": 0,
        "deletions": 0,
        "date": "2019-03-22",
        "commitResults": []
      },
      {
        "insertions": 0,
        "deletions": 0,
        "date": "2019-03-23",
        "commitResults": []
      },
      {
        "insertions": 0,
        "deletions": 0,
        "date": "2019-03-24",
        "commitResults": []
      },
      {
        "insertions": 72,
        "deletions": 25,
        "date": "2019-03-25",
        "commitResults": [
          {
            "hash": "f2bd90c30f9ec5a35fd45e233294727a95762cc1",
            "message": "ListTag: allow listing of tag though listtag command",
            "insertions": 61,
            "deletions": 9
          },
          {
            "hash": "27e0d4d009cde028a3b11fe98d5e5d58c58c88a6",
            "message": "ListTag: update UserGuide",
            "insertions": 3,
            "deletions": 1
          },
          {
            "hash": "6d8f2e8a86d4d051f177a6f9ac35ce5d3fb51ad2",
            "message": "ListTag: resolve checkstyle errors",
            "insertions": 8,
            "deletions": 15
          }
        ]
      },
      {
        "insertions": 73,
        "deletions": 44,
        "date": "2019-03-26",
        "commitResults": [
          {
            "hash": "bb5e8fa8dc07fb70830adac06d0964a0d00513a0",
            "message": "Reposense: update config file with correct author names",
            "insertions": 73,
            "deletions": 0
          },
          {
            "hash": "bb7023def293c45c4b0760aa89976796688c72d0",
            "message": "Reposense: remove duplicate JSON tree",
            "insertions": 0,
            "deletions": 44
          }
        ]
      },
      {
        "insertions": 1,
        "deletions": 1,
        "date": "2019-03-27",
        "commitResults": [
          {
            "hash": "6540a980c2d1c32cb4c87c2b2df7c50ffe597234",
            "message": "Reposense: update extra names from git log",
            "insertions": 1,
            "deletions": 1
          }
        ]
      },
      {
        "insertions": 0,
        "deletions": 0,
        "date": "2019-03-28",
        "commitResults": []
      },
      {
        "insertions": 420,
        "deletions": 45,
        "date": "2019-03-29",
        "commitResults": [
          {
            "hash": "3ef1e8ceb810474427200ea93917fa598213c054",
            "message": "GroupTag: allow creation of group tag and assign child tags to it",
            "insertions": 349,
            "deletions": 1
          },
          {
            "hash": "db7243b8797769e069b11ea3201319998f5307d8",
            "message": "GroupTag: fix tests and Travis checkstyle",
            "insertions": 70,
            "deletions": 43
          },
          {
            "hash": "792d84fad32483f8df2ea522bfc37428fcf05f42",
            "message": "README: update Travis build status link",
            "insertions": 1,
            "deletions": 1
          }
        ]
      },
      {
        "insertions": 0,
        "deletions": 0,
        "date": "2019-03-30",
        "commitResults": []
      },
      {
        "insertions": 573,
        "deletions": 42,
        "date": "2019-03-31",
        "commitResults": [
          {
            "hash": "f47288dae36dda81cb1c76d677dce085b899c826",
            "message": "Resolve merge conflict",
            "insertions": 383,
            "deletions": 8
          },
          {
            "hash": "8abdd682bf26259ac489a80dfd5bc64fea3036b4",
            "message": "AddTag: add group tag to selected task",
            "insertions": 165,
            "deletions": 22
          },
          {
            "hash": "a9f7b05a329055d950fe4e02524fa0714ca3ab45",
            "message": "AddTag: fix travis checkstyle errors",
            "insertions": 12,
            "deletions": 6
          },
          {
            "hash": "534475565109b7a7bdcb57ff8bae6d6e43fa5382",
            "message": "AddTag: add command alias DefineTag: add command alias and edit success message",
            "insertions": 11,
            "deletions": 4
          },
          {
            "hash": "eb3a2f495bcab2437b6b21088e04be8edb861b5d",
            "message": "Fix travis checkstyle errors",
            "insertions": 2,
            "deletions": 2
          }
        ]
      },
      {
        "insertions": 40,
        "deletions": 1,
        "date": "2019-04-01",
        "commitResults": [
          {
            "hash": "d889d04385f0462ed5c858b5331b163be805ff38",
            "message": "UserGuide: update with listtag, addtag and definetag information",
            "insertions": 39,
            "deletions": 0
          },
          {
            "hash": "fb355ca2818e0db9be21c3e8db966fca51c5739d",
            "message": "build.gradle: uodate shadowKar name",
            "insertions": 1,
            "deletions": 1
          }
        ]
      },
      {
        "insertions": 86,
        "deletions": 48,
        "date": "2019-04-02",
        "commitResults": [
          {
            "hash": "2d330a8773901840a0578ea5ec4d0753e33ed4d7",
            "message": "PPP: updated portfolio with details",
            "insertions": 22,
            "deletions": 34
          },
          {
            "hash": "e2f67b1a9305baa1142e04194664bf29cfed6343",
            "message": "PPP: update missing header for major enhancement",
            "insertions": 1,
            "deletions": 1
          },
          {
            "hash": "6f704756db49e2d3a2b3269e9beaf4496c733e77",
            "message": "DeveloperGuide: update with listtag, definetag, addtag",
            "insertions": 41,
            "deletions": 8
          },
          {
            "hash": "f0701a3f19cd83cd60923b5a792a29a542c325ce",
            "message": "Reposense: update authorNames for Josephine",
            "insertions": 22,
            "deletions": 5
          }
        ]
      },
      {
        "insertions": 26,
        "deletions": 58,
        "date": "2019-04-03",
        "commitResults": [
          {
            "hash": "8fe158c65e351114e1ed7a73c6f8fbcc386892af",
            "message": "UserGuide: general proof-read edits",
            "insertions": 26,
            "deletions": 58
          }
        ]
      },
      {
        "insertions": 95,
        "deletions": 47,
        "date": "2019-04-04",
        "commitResults": [
          {
            "hash": "3e9fd93b6ea4789ddff6c8693d183c978556db05",
            "message": "Fix consistent bugs at AddTag, DefineTag, ListTag",
            "insertions": 39,
            "deletions": 25
          },
          {
            "hash": "9568a3a3ec12e3d9d203086dcf884de45ff719aa",
            "message": "Fix Travis checkstyle errors",
            "insertions": 3,
            "deletions": 4
          },
          {
            "hash": "74d804e66cf5b3b2dec480734ec2948b6d0a6a86",
            "message": "DefineTag: add getGroupTagList method",
            "insertions": 9,
            "deletions": 1
          },
          {
            "hash": "cd63b5937bfcaef41c12ea43fe1024bc99300174",
            "message": "ListTag: add alias and reformat print statement",
            "insertions": 19,
            "deletions": 9
          },
          {
            "hash": "c1c273c91f7f38df0ee59c5160f3a5ae329cbc5d",
            "message": "UserGuide: update definetag and addTag",
            "insertions": 25,
            "deletions": 8
          }
        ]
      },
      {
        "insertions": 0,
        "deletions": 0,
        "date": "2019-04-05",
        "commitResults": []
      },
      {
        "insertions": 0,
        "deletions": 0,
        "date": "2019-04-06",
        "commitResults": []
      },
      {
        "insertions": 0,
        "deletions": 0,
        "date": "2019-04-07",
        "commitResults": []
      },
      {
        "insertions": 0,
        "deletions": 0,
        "date": "2019-04-08",
        "commitResults": []
      }
    ]
  },
  "authorFinalContributionMap": {
    "rachellim10": 444,
    "gautamrajulu": 233,
    "josephinetanadi": 4700,
    "arhjaye": 1994,
    "andreathniah": 5319
  },
  "authorContributionVariance": {
    "rachellim10": 1420.6714,
    "gautamrajulu": 1058.244,
    "josephinetanadi": 248688.39,
    "arhjaye": 183702.56,
    "andreathniah": 2234249.8
  },
  "authorDisplayNameMap": {
    "rachellim10": "RAC... YU",
    "gautamrajulu": "SAN...ULU",
    "josephinetanadi": "JOS...ADI",
    "arhjaye": "YOW...JIE",
    "andreathniah": "THN...REA"
  }
}
