{
  "authorDailyContributionsMap": {
    "seanieyap": [
      {
        "insertions": 0,
        "deletions": 0,
        "date": "2019-02-10",
        "commitResults": []
      },
      {
        "insertions": 63,
        "deletions": 0,
        "date": "2019-02-11",
        "commitResults": [
          {
            "hash": "288502afa781b810ee7f82027cd6d20a7a39b3a0",
            "message": "Added AboutUs and ContactUs adoc pages",
            "insertions": 63,
            "deletions": 0
          }
        ]
      },
      {
        "insertions": 0,
        "deletions": 0,
        "date": "2019-02-12",
        "commitResults": []
      },
      {
        "insertions": 0,
        "deletions": 0,
        "date": "2019-02-13",
        "commitResults": []
      },
      {
        "insertions": 0,
        "deletions": 0,
        "date": "2019-02-14",
        "commitResults": []
      },
      {
        "insertions": 0,
        "deletions": 0,
        "date": "2019-02-15",
        "commitResults": []
      },
      {
        "insertions": 3834,
        "deletions": 1370,
        "date": "2019-02-16",
        "commitResults": [
          {
            "hash": "37fa3c8a5a9a3762d88d850a5fbe54e1e9e111d6",
            "message": "Added checkstyles from addressbooklvl4",
            "insertions": 432,
            "deletions": 0
          },
          {
            "hash": "6591819bc5f64ea95bc002c5796d34daa7ad266d",
            "message": "Added plugins for checkstyle",
            "insertions": 4,
            "deletions": 3
          },
          {
            "hash": "178b42177898ececdb24883f0a421f7ab35502f3",
            "message": "Rename package name and fixed checkstyle errors",
            "insertions": 3142,
            "deletions": 1312
          },
          {
            "hash": "dc0c379e26374caa5f17cc895e8d70d693f79f11",
            "message": "Update documents to match new project",
            "insertions": 2,
            "deletions": 0
          },
          {
            "hash": "755ec2028d8b01cd4cd95bf9507d3c1ed886fbba",
            "message": "Fixed README.adoc badges",
            "insertions": 5,
            "deletions": 5
          },
          {
            "hash": "9e2247199c9c2e93091179ba8a3ab137f24f85d3",
            "message": "Added Portfolio pages and Edited AboutUs.adoc",
            "insertions": 10,
            "deletions": 20
          },
          {
            "hash": "b35e067920b696e3ec9a4c402ca02525743ab7c8",
            "message": "Fixed Checkstyle errors",
            "insertions": 2,
            "deletions": 2
          },
          {
            "hash": "0bd69b03c0c06a62f605432e2fa6465b934d561d",
            "message": "Added marcusphua.adoc, profile page for marcus",
            "insertions": 72,
            "deletions": 0
          },
          {
            "hash": "9121d74450ff853543ea6e83857710ef4fc93111",
            "message": "Added fixes for Appveyor build issues",
            "insertions": 1,
            "deletions": 1
          },
          {
            "hash": "13cd228d7d8b36dd0c9e252b90ecbd41571dd51c",
            "message": "Updated build.gradle to fixe Checkstyle bugs",
            "insertions": 164,
            "deletions": 27
          }
        ]
      },
      {
        "insertions": 1376,
        "deletions": 361,
        "date": "2019-02-17",
        "commitResults": [
          {
            "hash": "4c3797ad6967dddf3ac775065a9686b38878ad79",
            "message": "Updated UserGuide.adoc and added Portfolio pages for all team members \u0026 other misc",
            "insertions": 1362,
            "deletions": 114
          },
          {
            "hash": "581d65a216207faf2054c031139df688c9698ddf",
            "message": "Update Project name and version",
            "insertions": 1,
            "deletions": 234
          },
          {
            "hash": "4f00963c61e2289ef4498a9f96c0bee34bf57fdf",
            "message": "build.gradle: update entry point of app and other parameters",
            "insertions": 5,
            "deletions": 5
          },
          {
            "hash": "77cfbcde22365f222d67839618d4db6660aacba8",
            "message": "Update tags in documents",
            "insertions": 8,
            "deletions": 8
          }
        ]
      },
      {
        "insertions": 25,
        "deletions": 90,
        "date": "2019-02-18",
        "commitResults": [
          {
            "hash": "4974371d124701d1991135b423f9d861d926196f",
            "message": "Fix build.gradle issues with build configurations",
            "insertions": 24,
            "deletions": 90
          },
          {
            "hash": "a7fa0a86ad2b022959e3dc2705402524055055c2",
            "message": "Disable checkstyleTest on build.gradle",
            "insertions": 1,
            "deletions": 0
          }
        ]
      },
      {
        "insertions": 19,
        "deletions": 1,
        "date": "2019-02-19",
        "commitResults": [
          {
            "hash": "118014e213413f29a55903dcc9cd9a5fea176288",
            "message": "build.gradle: fix headless task issue",
            "insertions": 19,
            "deletions": 1
          }
        ]
      },
      {
        "insertions": 0,
        "deletions": 0,
        "date": "2019-02-20",
        "commitResults": []
      },
      {
        "insertions": 0,
        "deletions": 0,
        "date": "2019-02-21",
        "commitResults": []
      },
      {
        "insertions": 0,
        "deletions": 0,
        "date": "2019-02-22",
        "commitResults": []
      },
      {
        "insertions": 0,
        "deletions": 0,
        "date": "2019-02-23",
        "commitResults": []
      },
      {
        "insertions": 601,
        "deletions": 88,
        "date": "2019-02-24",
        "commitResults": [
          {
            "hash": "b75d496ac835bf49035070f09487fffd599c9abc",
            "message": "Refactor class and package names to suit \"planmysem\"",
            "insertions": 457,
            "deletions": 71
          },
          {
            "hash": "0015765ae148642e1520c5b5209344fda05afc0d",
            "message": "Update tests to fit new data",
            "insertions": 4,
            "deletions": 4
          },
          {
            "hash": "1b342416032b6fcd9a1475b403fe7d4e8874997d",
            "message": "ReadOnlySlot: remove unused imports",
            "insertions": 0,
            "deletions": 3
          },
          {
            "hash": "b50419b00c9b8cf1f68433bbb18f006270003b91",
            "message": "Fix Codacy errors",
            "insertions": 10,
            "deletions": 10
          },
          {
            "hash": "05bd806cafc708396aee0ec56259032fdef9dc19",
            "message": "Add: semester, month, week, day classes",
            "insertions": 130,
            "deletions": 0
          }
        ]
      },
      {
        "insertions": 0,
        "deletions": 0,
        "date": "2019-02-25",
        "commitResults": []
      },
      {
        "insertions": 1850,
        "deletions": 571,
        "date": "2019-02-26",
        "commitResults": [
          {
            "hash": "d07865bdfd9c9816657667fcf139972f657ce725",
            "message": "AboutUs.adoc: update information and photos",
            "insertions": 14,
            "deletions": 14
          },
          {
            "hash": "832b2a779feb0faea19a9b6732031ec3d4c2c8d4",
            "message": "Add Classes relevant to Planner",
            "insertions": 852,
            "deletions": 324
          },
          {
            "hash": "a15587e9f1f4446f1e61b2b2e039eead3eeac3ba",
            "message": "Revert refactor done to StorageFileTest",
            "insertions": 2,
            "deletions": 2
          },
          {
            "hash": "4c1ef2781743b5f97d4eef5d345595234069d7f1",
            "message": "Add separate classes to aid in development.",
            "insertions": 934,
            "deletions": 70
          },
          {
            "hash": "d704e6a9ab23842a46921a111a64f25338a575dd",
            "message": "update some code issues and UserGuide.adoc",
            "insertions": 48,
            "deletions": 161
          }
        ]
      },
      {
        "insertions": 0,
        "deletions": 0,
        "date": "2019-02-27",
        "commitResults": []
      },
      {
        "insertions": 566,
        "deletions": 156,
        "date": "2019-02-28",
        "commitResults": [
          {
            "hash": "3ecf612b543b48b6965c9848a6906fcf72a15690",
            "message": "Add: Skeleton of Add functionality (#25)",
            "insertions": 566,
            "deletions": 156
          }
        ]
      },
      {
        "insertions": 0,
        "deletions": 0,
        "date": "2019-03-01",
        "commitResults": []
      },
      {
        "insertions": 8,
        "deletions": 8,
        "date": "2019-03-02",
        "commitResults": [
          {
            "hash": "c00e45d37fd35ff3ecc90b0bb628029b7d7de557",
            "message": "Update documents to adhere to guidelines",
            "insertions": 8,
            "deletions": 8
          }
        ]
      },
      {
        "insertions": 0,
        "deletions": 0,
        "date": "2019-03-03",
        "commitResults": []
      },
      {
        "insertions": 114,
        "deletions": 67,
        "date": "2019-03-04",
        "commitResults": [
          {
            "hash": "d32c85464be384be728ae70f37ccb12c844f7497",
            "message": "v1.1 (#51)",
            "insertions": 114,
            "deletions": 67
          }
        ]
      },
      {
        "insertions": 0,
        "deletions": 0,
        "date": "2019-03-05",
        "commitResults": []
      },
      {
        "insertions": 0,
        "deletions": 0,
        "date": "2019-03-06",
        "commitResults": []
      },
      {
        "insertions": 1014,
        "deletions": 421,
        "date": "2019-03-07",
        "commitResults": [
          {
            "hash": "41b9b1ab772558f5a6310550ce282b51049cb625",
            "message": " Enhanced the Add command and updated documents  (#53)",
            "insertions": 1014,
            "deletions": 421
          }
        ]
      },
      {
        "insertions": 0,
        "deletions": 0,
        "date": "2019-03-08",
        "commitResults": []
      },
      {
        "insertions": 0,
        "deletions": 0,
        "date": "2019-03-09",
        "commitResults": []
      },
      {
        "insertions": 0,
        "deletions": 0,
        "date": "2019-03-10",
        "commitResults": []
      },
      {
        "insertions": 122,
        "deletions": 99,
        "date": "2019-03-11",
        "commitResults": [
          {
            "hash": "44554bc9c1c03145c0e4778e273c284d092c40ca",
            "message": " Enhance add functionality  (#61)",
            "insertions": 122,
            "deletions": 99
          }
        ]
      },
      {
        "insertions": 0,
        "deletions": 0,
        "date": "2019-03-12",
        "commitResults": []
      },
      {
        "insertions": 0,
        "deletions": 0,
        "date": "2019-03-13",
        "commitResults": []
      },
      {
        "insertions": 0,
        "deletions": 0,
        "date": "2019-03-14",
        "commitResults": []
      },
      {
        "insertions": 1001,
        "deletions": 580,
        "date": "2019-03-15",
        "commitResults": [
          {
            "hash": "30a4978b7857420c05d2524b8e1e69fb596fad58",
            "message": " Add delete command and code enhancements on edit and add command  (#75)",
            "insertions": 1001,
            "deletions": 580
          }
        ]
      },
      {
        "insertions": 0,
        "deletions": 0,
        "date": "2019-03-16",
        "commitResults": []
      },
      {
        "insertions": 0,
        "deletions": 0,
        "date": "2019-03-17",
        "commitResults": []
      },
      {
        "insertions": 2913,
        "deletions": 5066,
        "date": "2019-03-18",
        "commitResults": [
          {
            "hash": "656d21f8b777c0da39132004398bfdf801e36178",
            "message": "Refactor class names, remove remaining traces of addressbook (#82)",
            "insertions": 832,
            "deletions": 3745
          },
          {
            "hash": "8d7fa8cd4f209dfa3ca3d97ae21b9a444428eeec",
            "message": "Add test cases for add function, Utils and other code enhancements (#88)",
            "insertions": 2005,
            "deletions": 1265
          },
          {
            "hash": "50701a44443b81dd054862ebf801ee948ec0cbd5",
            "message": "v1.2 (#94)",
            "insertions": 76,
            "deletions": 56
          }
        ]
      },
      {
        "insertions": 147,
        "deletions": 84,
        "date": "2019-03-19",
        "commitResults": [
          {
            "hash": "e3d201515f69ea0a3736e84320daf9543980a42d",
            "message": "Update Ui.png, fix issues not detected in previous PR due to AppVeyor and Codacy Service Downtime (#95)",
            "insertions": 1,
            "deletions": 4
          },
          {
            "hash": "8d8db0673f5f408a78c18505b5306adb6f8d30d4",
            "message": "Update UserGuide.adoc  (#100)",
            "insertions": 146,
            "deletions": 80
          }
        ]
      },
      {
        "insertions": 0,
        "deletions": 0,
        "date": "2019-03-20",
        "commitResults": []
      },
      {
        "insertions": 323,
        "deletions": 144,
        "date": "2019-03-21",
        "commitResults": [
          {
            "hash": "1080827e0bd7a22d0f5700000102f92057d3c383",
            "message": "Update README.adoc and UserGuide.adoc: change table layouts  (#110)",
            "insertions": 323,
            "deletions": 144
          }
        ]
      },
      {
        "insertions": 0,
        "deletions": 0,
        "date": "2019-03-22",
        "commitResults": []
      },
      {
        "insertions": 0,
        "deletions": 0,
        "date": "2019-03-23",
        "commitResults": []
      },
      {
        "insertions": 663,
        "deletions": 360,
        "date": "2019-03-24",
        "commitResults": [
          {
            "hash": "22935bb939eac7298b6397971de5540d9cfe726f",
            "message": " Add tests for Add, Edit and Delete commands and optimise code  (#115)",
            "insertions": 663,
            "deletions": 360
          }
        ]
      },
      {
        "insertions": 0,
        "deletions": 0,
        "date": "2019-03-25",
        "commitResults": []
      },
      {
        "insertions": 1008,
        "deletions": 922,
        "date": "2019-03-26",
        "commitResults": [
          {
            "hash": "b99339bd98f4827b0fe0097ed95c8a6dbcc60628",
            "message": " Update UserGuide.adoc with \"Managing Slots\" and diagrams  (#119)",
            "insertions": 862,
            "deletions": 371
          },
          {
            "hash": "c87980daa5edf461b6f1a0a33f265082114e00ac",
            "message": " Edit Data Classes, remove unnecessary dependencies  (#120)",
            "insertions": 146,
            "deletions": 551
          }
        ]
      },
      {
        "insertions": 0,
        "deletions": 0,
        "date": "2019-03-27",
        "commitResults": []
      },
      {
        "insertions": 0,
        "deletions": 0,
        "date": "2019-03-28",
        "commitResults": []
      },
      {
        "insertions": 4104,
        "deletions": 2258,
        "date": "2019-03-29",
        "commitResults": [
          {
            "hash": "054da6ad006056813c73f6f6b0c5e51cc797866f",
            "message": " Update entire project to follow better software engineering practices  (#123)",
            "insertions": 4104,
            "deletions": 2258
          }
        ]
      },
      {
        "insertions": 0,
        "deletions": 0,
        "date": "2019-03-30",
        "commitResults": []
      },
      {
        "insertions": 189,
        "deletions": 74,
        "date": "2019-03-31",
        "commitResults": [
          {
            "hash": "f7a762ce58a1a314762a965f3bb99efc60b8bf01",
            "message": " Update diagrams and minor text in DeveloperGuide and AboutUs  (#127)",
            "insertions": 189,
            "deletions": 74
          }
        ]
      },
      {
        "insertions": 298,
        "deletions": 138,
        "date": "2019-04-01",
        "commitResults": [
          {
            "hash": "6975184317e8a5dd6f6615dd27b0034e449a3db6",
            "message": " Fix storage bug  (#132)",
            "insertions": 54,
            "deletions": 52
          },
          {
            "hash": "f148d8f44d8584445250a781374cafb76e4f9459",
            "message": "Update DeveloperGuide.adoc with Slot management details  (#135)",
            "insertions": 238,
            "deletions": 86
          },
          {
            "hash": "7bcac7c0a25b10c2ae51bfb9669b1bed0591124b",
            "message": " Update DeveloperGuide.adoc added whitespace between sections  (#136)",
            "insertions": 6,
            "deletions": 0
          }
        ]
      },
      {
        "insertions": 1503,
        "deletions": 1759,
        "date": "2019-04-02",
        "commitResults": [
          {
            "hash": "63ce703ae75c53e5f3cb912944efa0d0bca83b7e",
            "message": "v1.3 (#146)",
            "insertions": 1503,
            "deletions": 1759
          }
        ]
      },
      {
        "insertions": 390,
        "deletions": 104,
        "date": "2019-04-03",
        "commitResults": [
          {
            "hash": "b60fa37d9f2e2a9d1ef0ae7b2de54468f7821837",
            "message": "Update seanieyap.adoc (#155)",
            "insertions": 390,
            "deletions": 104
          }
        ]
      }
    ],
    "marcus-pzj": [
      {
        "insertions": 0,
        "deletions": 0,
        "date": "2019-02-10",
        "commitResults": []
      },
      {
        "insertions": 0,
        "deletions": 0,
        "date": "2019-02-11",
        "commitResults": []
      },
      {
        "insertions": 0,
        "deletions": 0,
        "date": "2019-02-12",
        "commitResults": []
      },
      {
        "insertions": 0,
        "deletions": 0,
        "date": "2019-02-13",
        "commitResults": []
      },
      {
        "insertions": 0,
        "deletions": 0,
        "date": "2019-02-14",
        "commitResults": []
      },
      {
        "insertions": 0,
        "deletions": 0,
        "date": "2019-02-15",
        "commitResults": []
      },
      {
        "insertions": 0,
        "deletions": 0,
        "date": "2019-02-16",
        "commitResults": []
      },
      {
        "insertions": 0,
        "deletions": 0,
        "date": "2019-02-17",
        "commitResults": []
      },
      {
        "insertions": 0,
        "deletions": 0,
        "date": "2019-02-18",
        "commitResults": []
      },
      {
        "insertions": 0,
        "deletions": 0,
        "date": "2019-02-19",
        "commitResults": []
      },
      {
        "insertions": 0,
        "deletions": 0,
        "date": "2019-02-20",
        "commitResults": []
      },
      {
        "insertions": 0,
        "deletions": 0,
        "date": "2019-02-21",
        "commitResults": []
      },
      {
        "insertions": 0,
        "deletions": 0,
        "date": "2019-02-22",
        "commitResults": []
      },
      {
        "insertions": 0,
        "deletions": 0,
        "date": "2019-02-23",
        "commitResults": []
      },
      {
        "insertions": 0,
        "deletions": 0,
        "date": "2019-02-24",
        "commitResults": []
      },
      {
        "insertions": 0,
        "deletions": 0,
        "date": "2019-02-25",
        "commitResults": []
      },
      {
        "insertions": 0,
        "deletions": 0,
        "date": "2019-02-26",
        "commitResults": []
      },
      {
        "insertions": 0,
        "deletions": 0,
        "date": "2019-02-27",
        "commitResults": []
      },
      {
        "insertions": 97,
        "deletions": 2,
        "date": "2019-02-28",
        "commitResults": [
          {
            "hash": "79bfcaeaf8bd79e992722a117d2f2de63c8d03e4",
            "message": "Add: History Command  (#43)",
            "insertions": 95,
            "deletions": 0
          },
          {
            "hash": "dc6bb09a315f6dbb6bb9440fe57391c06fddaa83",
            "message": "Update: History command and UserGuide.adoc (#44)",
            "insertions": 2,
            "deletions": 2
          }
        ]
      },
      {
        "insertions": 0,
        "deletions": 0,
        "date": "2019-03-01",
        "commitResults": []
      },
      {
        "insertions": 0,
        "deletions": 0,
        "date": "2019-03-02",
        "commitResults": []
      },
      {
        "insertions": 81,
        "deletions": 22,
        "date": "2019-03-03",
        "commitResults": [
          {
            "hash": "2751900b5a93a789d2e786ef7c6f67e4e3cdf161",
            "message": "Add ListCommandP and fixed typo in AddCommandP (#46)",
            "insertions": 67,
            "deletions": 4
          },
          {
            "hash": "056b27642591db01b0a0c2a63b7afdef5f6c8bcb",
            "message": "Update Developer Guide for User Stories (#50)",
            "insertions": 14,
            "deletions": 18
          }
        ]
      },
      {
        "insertions": 0,
        "deletions": 0,
        "date": "2019-03-04",
        "commitResults": []
      },
      {
        "insertions": 0,
        "deletions": 0,
        "date": "2019-03-05",
        "commitResults": []
      },
      {
        "insertions": 0,
        "deletions": 0,
        "date": "2019-03-06",
        "commitResults": []
      },
      {
        "insertions": 0,
        "deletions": 0,
        "date": "2019-03-07",
        "commitResults": []
      },
      {
        "insertions": 0,
        "deletions": 0,
        "date": "2019-03-08",
        "commitResults": []
      },
      {
        "insertions": 0,
        "deletions": 0,
        "date": "2019-03-09",
        "commitResults": []
      },
      {
        "insertions": 0,
        "deletions": 0,
        "date": "2019-03-10",
        "commitResults": []
      },
      {
        "insertions": 67,
        "deletions": 2,
        "date": "2019-03-11",
        "commitResults": [
          {
            "hash": "9099410610cd06799f4f47aa4bce0c28f65d6798",
            "message": "Add skeleton code for FindCommandP (#62)",
            "insertions": 67,
            "deletions": 2
          }
        ]
      },
      {
        "insertions": 0,
        "deletions": 0,
        "date": "2019-03-12",
        "commitResults": []
      },
      {
        "insertions": 0,
        "deletions": 0,
        "date": "2019-03-13",
        "commitResults": []
      },
      {
        "insertions": 0,
        "deletions": 0,
        "date": "2019-03-14",
        "commitResults": []
      },
      {
        "insertions": 0,
        "deletions": 0,
        "date": "2019-03-15",
        "commitResults": []
      },
      {
        "insertions": 0,
        "deletions": 0,
        "date": "2019-03-16",
        "commitResults": []
      },
      {
        "insertions": 0,
        "deletions": 0,
        "date": "2019-03-17",
        "commitResults": []
      },
      {
        "insertions": 3445,
        "deletions": 1498,
        "date": "2019-03-18",
        "commitResults": [
          {
            "hash": "756f60fa2bacaa1dba46b1d8ba64c0fdf2c85061",
            "message": "Enhance ListCommandP (#79)",
            "insertions": 1059,
            "deletions": 45
          },
          {
            "hash": "3652153a7c99efb201c1447de0d73d4ce73b4637",
            "message": "Add User Stories",
            "insertions": 7,
            "deletions": 4
          },
          {
            "hash": "36dfe6132d8a2499df358c559cb915facb0baddb",
            "message": "Add User Stories (#83)",
            "insertions": 7,
            "deletions": 4
          },
          {
            "hash": "ad0c59e5c71fe2c5d86dca363425f23512b865a6",
            "message": "Enhance FindCommand (#86)",
            "insertions": 84,
            "deletions": 54
          },
          {
            "hash": "fa2720440d714d1eb9de2db09fde46236614faa0",
            "message": "Merge (#12)",
            "insertions": 2245,
            "deletions": 1332
          },
          {
            "hash": "e530225a4dbc27a20d31e2290d25c3c7361a8899",
            "message": "Update Documentation (#89)",
            "insertions": 43,
            "deletions": 59
          }
        ]
      },
      {
        "insertions": 518,
        "deletions": 343,
        "date": "2019-03-19",
        "commitResults": [
          {
            "hash": "c705f9244d5130c22f97c745862c03073938554e",
            "message": "FIx Bug in FindCommand (#97)",
            "insertions": 13,
            "deletions": 22
          },
          {
            "hash": "889a725860237198edeee72a91db878ab12044de",
            "message": "Update User Guide documentation (#98)",
            "insertions": 59,
            "deletions": 48
          },
          {
            "hash": "10d7515b6dc9e69d572b7d5f73fbbd111f99cb5a",
            "message": "Docs (#16)",
            "insertions": 107,
            "deletions": 94
          },
          {
            "hash": "f3a75ce1cc297f4caf0a482d6ab0ea1c0355b998",
            "message": "Merge (#17)",
            "insertions": 145,
            "deletions": 80
          },
          {
            "hash": "95ce28b42126a1a869fff3f343d59f484fe1581d",
            "message": "Update User Guide",
            "insertions": 58,
            "deletions": 28
          },
          {
            "hash": "764d315477a61b011505356176ead18b37e81636",
            "message": "Update User Guide",
            "insertions": 53,
            "deletions": 13
          },
          {
            "hash": "b515fc30dcfb896abdafa4f9b3cbfac1d9b68004",
            "message": "Update User Guide",
            "insertions": 58,
            "deletions": 31
          },
          {
            "hash": "2310b836d02a215c5914ccc70daab4879dc88fa5",
            "message": "Update User Guide",
            "insertions": 12,
            "deletions": 15
          },
          {
            "hash": "aef56f7ac18443e146b49fc0fa2524093c3be719",
            "message": "Update User Guide",
            "insertions": 4,
            "deletions": 3
          },
          {
            "hash": "efb9346b45fd5f9f8bb07b41cf22b69b5a6c1d94",
            "message": "Update User Guide",
            "insertions": 7,
            "deletions": 7
          },
          {
            "hash": "4ac6174422929996e78752d30d3d50086a55e6de",
            "message": "Update User Guide",
            "insertions": 1,
            "deletions": 1
          },
          {
            "hash": "df367d7ceb56037ec4c3d9b4ee0107599601feab",
            "message": "Update User Guide",
            "insertions": 1,
            "deletions": 1
          }
        ]
      },
      {
        "insertions": 210,
        "deletions": 33,
        "date": "2019-03-20",
        "commitResults": [
          {
            "hash": "726c5b3d16119292f1d1f172a55b37be681cb856",
            "message": "Update User Guide",
            "insertions": 1,
            "deletions": 1
          },
          {
            "hash": "75b5fe818776362682f3fcec55269b62c3c1696e",
            "message": "Update User Guide (#101)",
            "insertions": 133,
            "deletions": 31
          },
          {
            "hash": "01523305abd76b75ad388edbc8ed875924a45f2b",
            "message": "Add config file for Reposense",
            "insertions": 25,
            "deletions": 0
          },
          {
            "hash": "36ebc761201b6fa3eae66d77c128713037efea6e",
            "message": "Add config file for Reposense (#102)",
            "insertions": 25,
            "deletions": 0
          },
          {
            "hash": "cfa7a18ac012afa5ecba46badec501652af4ecec",
            "message": "Move config.json to _reposense folder",
            "insertions": 0,
            "deletions": 0
          },
          {
            "hash": "f96d6c9ae4f7eda1513269aaa1977d567fa22169",
            "message": "Move config.json to _reposense folder (#103)",
            "insertions": 25,
            "deletions": 0
          },
          {
            "hash": "276b9c0941414184aa01238bb988937bc1305e0f",
            "message": "Edit config file for reposense",
            "insertions": 1,
            "deletions": 1
          }
        ]
      },
      {
        "insertions": 0,
        "deletions": 0,
        "date": "2019-03-21",
        "commitResults": []
      },
      {
        "insertions": 0,
        "deletions": 0,
        "date": "2019-03-22",
        "commitResults": []
      },
      {
        "insertions": 109,
        "deletions": 24,
        "date": "2019-03-23",
        "commitResults": [
          {
            "hash": "a94474d2bc5eb8241f9f98f7d68148c355a19946",
            "message": "Enhance list and find functionality to include tags (#111)",
            "insertions": 109,
            "deletions": 24
          }
        ]
      },
      {
        "insertions": 0,
        "deletions": 0,
        "date": "2019-03-24",
        "commitResults": []
      },
      {
        "insertions": 29,
        "deletions": 0,
        "date": "2019-03-25",
        "commitResults": [
          {
            "hash": "484ba2d07b6672e311c7a8d751a52b674215beed",
            "message": "Update Developer Guide for FindCommand (#118)",
            "insertions": 29,
            "deletions": 0
          }
        ]
      },
      {
        "insertions": 0,
        "deletions": 0,
        "date": "2019-03-26",
        "commitResults": []
      },
      {
        "insertions": 0,
        "deletions": 0,
        "date": "2019-03-27",
        "commitResults": []
      },
      {
        "insertions": 0,
        "deletions": 0,
        "date": "2019-03-28",
        "commitResults": []
      },
      {
        "insertions": 0,
        "deletions": 0,
        "date": "2019-03-29",
        "commitResults": []
      },
      {
        "insertions": 0,
        "deletions": 0,
        "date": "2019-03-30",
        "commitResults": []
      },
      {
        "insertions": 241,
        "deletions": 58,
        "date": "2019-03-31",
        "commitResults": [
          {
            "hash": "713fb250da656960fb060fffb6596cf762aa8b18",
            "message": "Enhance FindCommand to use Levenshtein Distance (#126)",
            "insertions": 168,
            "deletions": 23
          },
          {
            "hash": "d69716f55bc84ba0a2ba54eb46d24b75732d4c51",
            "message": "Edit FindCommand to generate lastShownList (#128)",
            "insertions": 73,
            "deletions": 35
          }
        ]
      },
      {
        "insertions": 90,
        "deletions": 98,
        "date": "2019-04-01",
        "commitResults": [
          {
            "hash": "56aaa0cb5e0f1bafd76dfb96bd41d91ea29d37bb",
            "message": "Update History Framework \u0026 Update Dev Guide (#133)",
            "insertions": 90,
            "deletions": 98
          }
        ]
      },
      {
        "insertions": 1002,
        "deletions": 65,
        "date": "2019-04-02",
        "commitResults": [
          {
            "hash": "3faf83a31e446c7cdeecaba29093987c6ebd2810",
            "message": "Add JUnit Tests (#143)",
            "insertions": 707,
            "deletions": 10
          },
          {
            "hash": "5892bf12e7045af28a22201455b6eeee74ffa8b7",
            "message": "Update Test Cases to raise coverage (#144)",
            "insertions": 121,
            "deletions": 20
          },
          {
            "hash": "e3c3fe3bb9ebf338e383e10b44e50337e35b7939",
            "message": "Add PPP of marcus-pzj (#152)",
            "insertions": 174,
            "deletions": 35
          }
        ]
      },
      {
        "insertions": 0,
        "deletions": 0,
        "date": "2019-04-03",
        "commitResults": []
      }
    ],
    "dingheng4448": [
      {
        "insertions": 0,
        "deletions": 0,
        "date": "2019-02-10",
        "commitResults": []
      },
      {
        "insertions": 0,
        "deletions": 0,
        "date": "2019-02-11",
        "commitResults": []
      },
      {
        "insertions": 0,
        "deletions": 0,
        "date": "2019-02-12",
        "commitResults": []
      },
      {
        "insertions": 0,
        "deletions": 0,
        "date": "2019-02-13",
        "commitResults": []
      },
      {
        "insertions": 0,
        "deletions": 0,
        "date": "2019-02-14",
        "commitResults": []
      },
      {
        "insertions": 0,
        "deletions": 0,
        "date": "2019-02-15",
        "commitResults": []
      },
      {
        "insertions": 0,
        "deletions": 0,
        "date": "2019-02-16",
        "commitResults": []
      },
      {
        "insertions": 112,
        "deletions": 35,
        "date": "2019-02-17",
        "commitResults": [
          {
            "hash": "de375295c2b10b2ef08d38f885a1ebfbde972a66",
            "message": "DeveloperGuide: Updated contents of appendices",
            "insertions": 110,
            "deletions": 19
          },
          {
            "hash": "55fa543bef202fd44f91b64882de4ac2c161e0ed",
            "message": "DeveloperGuide: Fixed minor formatting issues",
            "insertions": 2,
            "deletions": 16
          }
        ]
      },
      {
        "insertions": 0,
        "deletions": 0,
        "date": "2019-02-18",
        "commitResults": []
      },
      {
        "insertions": 0,
        "deletions": 0,
        "date": "2019-02-19",
        "commitResults": []
      },
      {
        "insertions": 0,
        "deletions": 0,
        "date": "2019-02-20",
        "commitResults": []
      },
      {
        "insertions": 0,
        "deletions": 0,
        "date": "2019-02-21",
        "commitResults": []
      },
      {
        "insertions": 0,
        "deletions": 0,
        "date": "2019-02-22",
        "commitResults": []
      },
      {
        "insertions": 0,
        "deletions": 0,
        "date": "2019-02-23",
        "commitResults": []
      },
      {
        "insertions": 0,
        "deletions": 0,
        "date": "2019-02-24",
        "commitResults": []
      },
      {
        "insertions": 0,
        "deletions": 0,
        "date": "2019-02-25",
        "commitResults": []
      },
      {
        "insertions": 8,
        "deletions": 8,
        "date": "2019-02-26",
        "commitResults": [
          {
            "hash": "e7b9300902116c781f983c36edf87848dc33f678",
            "message": "DeveloperGuide: Minor changes to DeveloperGuide",
            "insertions": 4,
            "deletions": 4
          },
          {
            "hash": "cb89e209e639fdd29a588cc1042b6af03357c892",
            "message": "DeveloperGuide: Minor changes to DeveloperGuide",
            "insertions": 4,
            "deletions": 4
          }
        ]
      },
      {
        "insertions": 0,
        "deletions": 0,
        "date": "2019-02-27",
        "commitResults": []
      },
      {
        "insertions": 146,
        "deletions": 8,
        "date": "2019-02-28",
        "commitResults": [
          {
            "hash": "791f22409245076f70303658de9fb60a72f95a4f",
            "message": "DeveloperGuide: Minor updates",
            "insertions": 2,
            "deletions": 2
          },
          {
            "hash": "f605fec312047b1220d3faf03ae2bec44acbbe10",
            "message": "Planner: Initialize planner according to academic semester",
            "insertions": 144,
            "deletions": 6
          }
        ]
      },
      {
        "insertions": 0,
        "deletions": 0,
        "date": "2019-03-01",
        "commitResults": []
      },
      {
        "insertions": 0,
        "deletions": 0,
        "date": "2019-03-02",
        "commitResults": []
      },
      {
        "insertions": 0,
        "deletions": 0,
        "date": "2019-03-03",
        "commitResults": []
      },
      {
        "insertions": 0,
        "deletions": 0,
        "date": "2019-03-04",
        "commitResults": []
      },
      {
        "insertions": 0,
        "deletions": 0,
        "date": "2019-03-05",
        "commitResults": []
      },
      {
        "insertions": 0,
        "deletions": 0,
        "date": "2019-03-06",
        "commitResults": []
      },
      {
        "insertions": 26,
        "deletions": 4,
        "date": "2019-03-07",
        "commitResults": [
          {
            "hash": "dd833b07717872fd84fe6320e4f085a9875d9034",
            "message": "Initialize weekType for each Day (#54)",
            "insertions": 26,
            "deletions": 4
          }
        ]
      },
      {
        "insertions": 0,
        "deletions": 0,
        "date": "2019-03-08",
        "commitResults": []
      },
      {
        "insertions": 183,
        "deletions": 144,
        "date": "2019-03-09",
        "commitResults": [
          {
            "hash": "0173487f5d9743a52d1188a2657844e6fd051673",
            "message": "Update Planner to initialize planner (#55)",
            "insertions": 183,
            "deletions": 144
          }
        ]
      },
      {
        "insertions": 0,
        "deletions": 0,
        "date": "2019-03-10",
        "commitResults": []
      },
      {
        "insertions": 0,
        "deletions": 0,
        "date": "2019-03-11",
        "commitResults": []
      },
      {
        "insertions": 0,
        "deletions": 0,
        "date": "2019-03-12",
        "commitResults": []
      },
      {
        "insertions": 0,
        "deletions": 0,
        "date": "2019-03-13",
        "commitResults": []
      },
      {
        "insertions": 0,
        "deletions": 0,
        "date": "2019-03-14",
        "commitResults": []
      },
      {
        "insertions": 0,
        "deletions": 0,
        "date": "2019-03-15",
        "commitResults": []
      },
      {
        "insertions": 0,
        "deletions": 0,
        "date": "2019-03-16",
        "commitResults": []
      },
      {
        "insertions": 319,
        "deletions": 80,
        "date": "2019-03-17",
        "commitResults": [
          {
            "hash": "63b345c8cd93cc688c03b76b6b44db78354aa25f",
            "message": "Add JUnit test for Planner (#76)",
            "insertions": 319,
            "deletions": 80
          }
        ]
      },
      {
        "insertions": 219,
        "deletions": 33,
        "date": "2019-03-18",
        "commitResults": [
          {
            "hash": "b5a3fa51a325c8b59e9d8003bc0ea0564f9834a1",
            "message": "Update documentation for view command (#81)",
            "insertions": 56,
            "deletions": 9
          },
          {
            "hash": "0901dbba47a7c912b077651e4c21c766fe643a22",
            "message": "Add view command for monthly calendar view (#87)",
            "insertions": 163,
            "deletions": 24
          }
        ]
      },
      {
        "insertions": 39,
        "deletions": 28,
        "date": "2019-03-19",
        "commitResults": [
          {
            "hash": "1d82e15214f08b2e2ebe0319772eb4dc07a91bb8",
            "message": "Update User Guide documentation (#99)",
            "insertions": 39,
            "deletions": 28
          }
        ]
      },
      {
        "insertions": 16,
        "deletions": 15,
        "date": "2019-03-20",
        "commitResults": [
          {
            "hash": "de93ef3b16275ab94ba46749d9b206cc982c18a2",
            "message": "Update User Guide (#106)",
            "insertions": 16,
            "deletions": 15
          }
        ]
      },
      {
        "insertions": 24,
        "deletions": 59,
        "date": "2019-03-21",
        "commitResults": [
          {
            "hash": "5495eadeaee1a6334f51f19a1b7e13a33b32e605",
            "message": "Update User Guide (#108)",
            "insertions": 24,
            "deletions": 59
          }
        ]
      },
      {
        "insertions": 0,
        "deletions": 0,
        "date": "2019-03-22",
        "commitResults": []
      },
      {
        "insertions": 0,
        "deletions": 0,
        "date": "2019-03-23",
        "commitResults": []
      },
      {
        "insertions": 278,
        "deletions": 263,
        "date": "2019-03-24",
        "commitResults": [
          {
            "hash": "d3705af5dad34427dff7932b6d450d80456be397",
            "message": "Move Semester generation code (#116)",
            "insertions": 278,
            "deletions": 263
          }
        ]
      },
      {
        "insertions": 83,
        "deletions": 7,
        "date": "2019-03-25",
        "commitResults": [
          {
            "hash": "16eb09f2c2acb2e92b9252063de298c4220e280b",
            "message": "Update Dev Guide for initialization of Semester (#117)",
            "insertions": 83,
            "deletions": 7
          }
        ]
      },
      {
        "insertions": 0,
        "deletions": 0,
        "date": "2019-03-26",
        "commitResults": []
      },
      {
        "insertions": 0,
        "deletions": 0,
        "date": "2019-03-27",
        "commitResults": []
      },
      {
        "insertions": 0,
        "deletions": 0,
        "date": "2019-03-28",
        "commitResults": []
      },
      {
        "insertions": 0,
        "deletions": 0,
        "date": "2019-03-29",
        "commitResults": []
      },
      {
        "insertions": 0,
        "deletions": 0,
        "date": "2019-03-30",
        "commitResults": []
      },
      {
        "insertions": 182,
        "deletions": 23,
        "date": "2019-03-31",
        "commitResults": [
          {
            "hash": "b28443acc46d72c628d0805d0a460ab7e931863e",
            "message": "Update view command (#124)",
            "insertions": 182,
            "deletions": 23
          }
        ]
      },
      {
        "insertions": 508,
        "deletions": 149,
        "date": "2019-04-01",
        "commitResults": [
          {
            "hash": "596b4dce28672a70d061fc5ef229fc1de4d3564d",
            "message": "Update view command  (#129)",
            "insertions": 224,
            "deletions": 47
          },
          {
            "hash": "d636243c5b07a38c9b9a1f2c7d732e115008f3da",
            "message": "Update Dev Guide for view feature (#134)",
            "insertions": 70,
            "deletions": 24
          },
          {
            "hash": "1143895984678908fda74e3a5503e82fbef126c7",
            "message": "Update Dev Guide introduction (#137)",
            "insertions": 45,
            "deletions": 2
          },
          {
            "hash": "1f852edb0432de97e33930e5c923d50850bee9e3",
            "message": "Update view command implementation (#138)",
            "insertions": 148,
            "deletions": 68
          },
          {
            "hash": "7a02b212badb06430259a0060ad91dc02c7b5189",
            "message": "Update view command to fix minor bug (#139)",
            "insertions": 21,
            "deletions": 8
          }
        ]
      },
      {
        "insertions": 595,
        "deletions": 160,
        "date": "2019-04-02",
        "commitResults": [
          {
            "hash": "7852a46fa8d48e28c3817a373cc9523387d95087",
            "message": "Add JUnit tests for ViewCommandParser and ViewCommand (#145)",
            "insertions": 397,
            "deletions": 8
          },
          {
            "hash": "ff249401895c54d927193a69df9b90137d9be44b",
            "message": "ParserManagerTest: Update JUnit test for view command (#147)",
            "insertions": 12,
            "deletions": 0
          },
          {
            "hash": "471ffe709ba295aacaf1f588664bee4e294762d1",
            "message": "ViewCommand: Update view week feature to resize week view (#148)",
            "insertions": 16,
            "deletions": 11
          },
          {
            "hash": "b4c27d689598e07b7f93accfc5ea295d6629fb9d",
            "message": "Fix bug in semester initialization and update JUnit tests (#150)",
            "insertions": 63,
            "deletions": 86
          },
          {
            "hash": "ecd6d62e02403165b915872e2e4fa5abf41e5c6e",
            "message": "Update documentation (#151)",
            "insertions": 107,
            "deletions": 55
          }
        ]
      },
      {
        "insertions": 201,
        "deletions": 56,
        "date": "2019-04-03",
        "commitResults": [
          {
            "hash": "0a6163d6b61e0fc1c69053da8f36c217c404190c",
            "message": "Update documentation (#154)",
            "insertions": 201,
            "deletions": 56
          }
        ]
      }
    ],
    "macchazuki": [
      {
        "insertions": 0,
        "deletions": 0,
        "date": "2019-02-10",
        "commitResults": []
      },
      {
        "insertions": 0,
        "deletions": 0,
        "date": "2019-02-11",
        "commitResults": []
      },
      {
        "insertions": 0,
        "deletions": 0,
        "date": "2019-02-12",
        "commitResults": []
      },
      {
        "insertions": 0,
        "deletions": 0,
        "date": "2019-02-13",
        "commitResults": []
      },
      {
        "insertions": 0,
        "deletions": 0,
        "date": "2019-02-14",
        "commitResults": []
      },
      {
        "insertions": 0,
        "deletions": 0,
        "date": "2019-02-15",
        "commitResults": []
      },
      {
        "insertions": 0,
        "deletions": 0,
        "date": "2019-02-16",
        "commitResults": []
      },
      {
        "insertions": 0,
        "deletions": 0,
        "date": "2019-02-17",
        "commitResults": []
      },
      {
        "insertions": 0,
        "deletions": 0,
        "date": "2019-02-18",
        "commitResults": []
      },
      {
        "insertions": 0,
        "deletions": 0,
        "date": "2019-02-19",
        "commitResults": []
      },
      {
        "insertions": 0,
        "deletions": 0,
        "date": "2019-02-20",
        "commitResults": []
      },
      {
        "insertions": 0,
        "deletions": 0,
        "date": "2019-02-21",
        "commitResults": []
      },
      {
        "insertions": 0,
        "deletions": 0,
        "date": "2019-02-22",
        "commitResults": []
      },
      {
        "insertions": 0,
        "deletions": 0,
        "date": "2019-02-23",
        "commitResults": []
      },
      {
        "insertions": 0,
        "deletions": 0,
        "date": "2019-02-24",
        "commitResults": []
      },
      {
        "insertions": 0,
        "deletions": 0,
        "date": "2019-02-25",
        "commitResults": []
      },
      {
        "insertions": 0,
        "deletions": 0,
        "date": "2019-02-26",
        "commitResults": []
      },
      {
        "insertions": 0,
        "deletions": 0,
        "date": "2019-02-27",
        "commitResults": []
      },
      {
        "insertions": 0,
        "deletions": 0,
        "date": "2019-02-28",
        "commitResults": []
      },
      {
        "insertions": 0,
        "deletions": 0,
        "date": "2019-03-01",
        "commitResults": []
      },
      {
        "insertions": 0,
        "deletions": 0,
        "date": "2019-03-02",
        "commitResults": []
      },
      {
        "insertions": 130,
        "deletions": 13,
        "date": "2019-03-03",
        "commitResults": [
          {
            "hash": "3d01560ebdbffb06f24b64a2490424794d30cf89",
            "message": "Add data encryption (#49)",
            "insertions": 130,
            "deletions": 13
          }
        ]
      },
      {
        "insertions": 0,
        "deletions": 0,
        "date": "2019-03-04",
        "commitResults": []
      },
      {
        "insertions": 0,
        "deletions": 0,
        "date": "2019-03-05",
        "commitResults": []
      },
      {
        "insertions": 0,
        "deletions": 0,
        "date": "2019-03-06",
        "commitResults": []
      },
      {
        "insertions": 0,
        "deletions": 0,
        "date": "2019-03-07",
        "commitResults": []
      },
      {
        "insertions": 0,
        "deletions": 0,
        "date": "2019-03-08",
        "commitResults": []
      },
      {
        "insertions": 0,
        "deletions": 0,
        "date": "2019-03-09",
        "commitResults": []
      },
      {
        "insertions": 0,
        "deletions": 0,
        "date": "2019-03-10",
        "commitResults": []
      },
      {
        "insertions": 0,
        "deletions": 0,
        "date": "2019-03-11",
        "commitResults": []
      },
      {
        "insertions": 0,
        "deletions": 0,
        "date": "2019-03-12",
        "commitResults": []
      },
      {
        "insertions": 0,
        "deletions": 0,
        "date": "2019-03-13",
        "commitResults": []
      },
      {
        "insertions": 0,
        "deletions": 0,
        "date": "2019-03-14",
        "commitResults": []
      },
      {
        "insertions": 0,
        "deletions": 0,
        "date": "2019-03-15",
        "commitResults": []
      },
      {
        "insertions": 0,
        "deletions": 0,
        "date": "2019-03-16",
        "commitResults": []
      },
      {
        "insertions": 216,
        "deletions": 24,
        "date": "2019-03-17",
        "commitResults": [
          {
            "hash": "ccf86609a15434de634ef700981cfcf99afae187",
            "message": "export calendar as .ics file",
            "insertions": 84,
            "deletions": 0
          },
          {
            "hash": "461cd2dcf0f5c52fd769d7a8c377dca51cb5a09d",
            "message": "checkstyle edits",
            "insertions": 2,
            "deletions": 3
          },
          {
            "hash": "e36ac6c1bf778b9f4e2c8f8050f1ece71e773f39",
            "message": "added some documentation",
            "insertions": 23,
            "deletions": 10
          },
          {
            "hash": "84f6e3b86752fb813b0eb69e410057f78266a7be",
            "message": "Add ExportCommandP (#77)",
            "insertions": 107,
            "deletions": 11
          }
        ]
      },
      {
        "insertions": 128,
        "deletions": 51,
        "date": "2019-03-18",
        "commitResults": [
          {
            "hash": "aebaff1d8365954f1db4f871f181ee81bd9bdad3",
            "message": "Update developer guide for export",
            "insertions": 28,
            "deletions": 4
          },
          {
            "hash": "73cf5b8e0a29f68b8b2fc51bc6c0b054b678730e",
            "message": "Update developer guide for ExportCommandP (#80)",
            "insertions": 28,
            "deletions": 4
          },
          {
            "hash": "eee2b88c4aeaef8b8dc7a05d4ece20567f8468ba",
            "message": "Resolve checkstyle errors (#85)",
            "insertions": 1,
            "deletions": 1
          },
          {
            "hash": "c956010adad52233c159eba7c661526b03934eca",
            "message": "Update use cases in developer guide (#90)",
            "insertions": 71,
            "deletions": 42
          }
        ]
      },
      {
        "insertions": 0,
        "deletions": 0,
        "date": "2019-03-19",
        "commitResults": []
      },
      {
        "insertions": 115,
        "deletions": 51,
        "date": "2019-03-20",
        "commitResults": [
          {
            "hash": "5eea2145034f890acabe1b8f7ba84d3c56c1cf07",
            "message": "edit user guide",
            "insertions": 18,
            "deletions": 19
          },
          {
            "hash": "b9c819b1977ade1973f059e3bf1fd342c81838d5",
            "message": "add encryption key skeleton",
            "insertions": 40,
            "deletions": 0
          },
          {
            "hash": "a981e673e423982b485444d1b2dc7bfd24c1abe6",
            "message": "user guide edits",
            "insertions": 0,
            "deletions": 7
          },
          {
            "hash": "0ef8c4775ddb717b469c42149918c01b9a936530",
            "message": "Update User Guide (#105)",
            "insertions": 57,
            "deletions": 25
          }
        ]
      },
      {
        "insertions": 0,
        "deletions": 0,
        "date": "2019-03-21",
        "commitResults": []
      },
      {
        "insertions": 0,
        "deletions": 0,
        "date": "2019-03-22",
        "commitResults": []
      },
      {
        "insertions": 90,
        "deletions": 42,
        "date": "2019-03-23",
        "commitResults": [
          {
            "hash": "262ebfc156361862c45dab83ff6a37bca4e6c9f7",
            "message": "Add KeyStore to store encryption key",
            "insertions": 81,
            "deletions": 37
          },
          {
            "hash": "fbfe8e6d6fdf30c0dd1ba63edf4f95cdde519674",
            "message": "change some ab3 references to planmysem",
            "insertions": 3,
            "deletions": 3
          },
          {
            "hash": "fe1a641f45ea067462980e7bfb59fe70eeaf1390",
            "message": "export location only if location exists",
            "insertions": 3,
            "deletions": 1
          },
          {
            "hash": "d14aa56d34ccaf1cab5c9c91643512c308674ad2",
            "message": "Update User Guide and Dev Guide for encryption (#114)",
            "insertions": 3,
            "deletions": 1
          }
        ]
      },
      {
        "insertions": 0,
        "deletions": 0,
        "date": "2019-03-24",
        "commitResults": []
      },
      {
        "insertions": 0,
        "deletions": 0,
        "date": "2019-03-25",
        "commitResults": []
      },
      {
        "insertions": 0,
        "deletions": 0,
        "date": "2019-03-26",
        "commitResults": []
      },
      {
        "insertions": 0,
        "deletions": 0,
        "date": "2019-03-27",
        "commitResults": []
      },
      {
        "insertions": 0,
        "deletions": 0,
        "date": "2019-03-28",
        "commitResults": []
      },
      {
        "insertions": 0,
        "deletions": 0,
        "date": "2019-03-29",
        "commitResults": []
      },
      {
        "insertions": 0,
        "deletions": 0,
        "date": "2019-03-30",
        "commitResults": []
      },
      {
        "insertions": 0,
        "deletions": 0,
        "date": "2019-03-31",
        "commitResults": []
      },
      {
        "insertions": 132,
        "deletions": 0,
        "date": "2019-04-01",
        "commitResults": [
          {
            "hash": "b0f6479f60f1afd7561f1121fdd4b683b9c98fca",
            "message": "Add import command (#131)",
            "insertions": 132,
            "deletions": 0
          }
        ]
      },
      {
        "insertions": 211,
        "deletions": 78,
        "date": "2019-04-02",
        "commitResults": [
          {
            "hash": "4cb6447864a4ffad3c3a85c6249e9cda0e1790d6",
            "message": "Add junit tests for encryptor and export (#142)",
            "insertions": 69,
            "deletions": 8
          },
          {
            "hash": "99ef3fab3ef23d474f0be9b590edf068189e315e",
            "message": "Add PPP (Julian) (#153)",
            "insertions": 142,
            "deletions": 70
          }
        ]
      },
      {
        "insertions": 0,
        "deletions": 0,
        "date": "2019-04-03",
        "commitResults": []
      }
    ]
  },
  "authorFinalContributionMap": {
    "seanieyap": 12019,
    "marcus-pzj": 1654,
    "dingheng4448": 1793,
    "macchazuki": 659
  },
  "authorContributionVariance": {
    "seanieyap": 2572011.8,
    "marcus-pzj": 477787.22,
    "dingheng4448": 28215.729,
    "macchazuki": 4246.293
  },
  "authorDisplayNameMap": {
    "seanieyap": "SEA...ONG",
    "marcus-pzj": "MAR...JIE",
    "dingheng4448": "LIM...ENG",
    "macchazuki": "JUL...REN"
  }
}
