{
  "authorDailyContributionsMap": {
    "yongjia96": [
      {
        "insertions": 0,
        "deletions": 0,
        "date": "2019-02-10",
        "commitResults": []
      },
      {
        "insertions": 0,
        "deletions": 0,
        "date": "2019-02-11",
        "commitResults": []
      },
      {
        "insertions": 0,
        "deletions": 0,
        "date": "2019-02-12",
        "commitResults": []
      },
      {
        "insertions": 0,
        "deletions": 0,
        "date": "2019-02-13",
        "commitResults": []
      },
      {
        "insertions": 0,
        "deletions": 0,
        "date": "2019-02-14",
        "commitResults": []
      },
      {
        "insertions": 0,
        "deletions": 0,
        "date": "2019-02-15",
        "commitResults": []
      },
      {
        "insertions": 0,
        "deletions": 0,
        "date": "2019-02-16",
        "commitResults": []
      },
      {
        "insertions": 0,
        "deletions": 0,
        "date": "2019-02-17",
        "commitResults": []
      },
      {
        "insertions": 0,
        "deletions": 0,
        "date": "2019-02-18",
        "commitResults": []
      },
      {
        "insertions": 0,
        "deletions": 0,
        "date": "2019-02-19",
        "commitResults": []
      },
      {
        "insertions": 0,
        "deletions": 0,
        "date": "2019-02-20",
        "commitResults": []
      },
      {
        "insertions": 0,
        "deletions": 0,
        "date": "2019-02-21",
        "commitResults": []
      },
      {
        "insertions": 0,
        "deletions": 0,
        "date": "2019-02-22",
        "commitResults": []
      },
      {
        "insertions": 0,
        "deletions": 0,
        "date": "2019-02-23",
        "commitResults": []
      },
      {
        "insertions": 0,
        "deletions": 0,
        "date": "2019-02-24",
        "commitResults": []
      },
      {
        "insertions": 0,
        "deletions": 0,
        "date": "2019-02-25",
        "commitResults": []
      },
      {
        "insertions": 0,
        "deletions": 0,
        "date": "2019-02-26",
        "commitResults": []
      },
      {
        "insertions": 0,
        "deletions": 0,
        "date": "2019-02-27",
        "commitResults": []
      },
      {
        "insertions": 0,
        "deletions": 0,
        "date": "2019-02-28",
        "commitResults": []
      },
      {
        "insertions": 0,
        "deletions": 0,
        "date": "2019-03-01",
        "commitResults": []
      },
      {
        "insertions": 0,
        "deletions": 0,
        "date": "2019-03-02",
        "commitResults": []
      },
      {
        "insertions": 0,
        "deletions": 0,
        "date": "2019-03-03",
        "commitResults": []
      },
      {
        "insertions": 0,
        "deletions": 0,
        "date": "2019-03-04",
        "commitResults": []
      },
      {
        "insertions": 0,
        "deletions": 0,
        "date": "2019-03-05",
        "commitResults": []
      },
      {
        "insertions": 0,
        "deletions": 0,
        "date": "2019-03-06",
        "commitResults": []
      },
      {
        "insertions": 0,
        "deletions": 0,
        "date": "2019-03-07",
        "commitResults": []
      },
      {
        "insertions": 0,
        "deletions": 0,
        "date": "2019-03-08",
        "commitResults": []
      },
      {
        "insertions": 0,
        "deletions": 0,
        "date": "2019-03-09",
        "commitResults": []
      },
      {
        "insertions": 0,
        "deletions": 0,
        "date": "2019-03-10",
        "commitResults": []
      },
      {
        "insertions": 0,
        "deletions": 0,
        "date": "2019-03-11",
        "commitResults": []
      },
      {
        "insertions": 0,
        "deletions": 0,
        "date": "2019-03-12",
        "commitResults": []
      },
      {
        "insertions": 0,
        "deletions": 0,
        "date": "2019-03-13",
        "commitResults": []
      },
      {
        "insertions": 0,
        "deletions": 0,
        "date": "2019-03-14",
        "commitResults": []
      },
      {
        "insertions": 0,
        "deletions": 0,
        "date": "2019-03-15",
        "commitResults": []
      },
      {
        "insertions": 0,
        "deletions": 0,
        "date": "2019-03-16",
        "commitResults": []
      },
      {
        "insertions": 0,
        "deletions": 0,
        "date": "2019-03-17",
        "commitResults": []
      },
      {
        "insertions": 186,
        "deletions": 3,
        "date": "2019-03-18",
        "commitResults": [
          {
            "hash": "1b03802f064f26f318873070b2ab2ca2a8d454ce",
            "message": "Workout class done",
            "insertions": 69,
            "deletions": 0
          },
          {
            "hash": "57a43bdadc53e0b3da90a11953c7d967c1f6fc72",
            "message": "Exercise class done",
            "insertions": 37,
            "deletions": 1
          },
          {
            "hash": "7b48fb6a9b4dea638ff5f46c2fa4971355dc6efd",
            "message": "Set and rep class done",
            "insertions": 54,
            "deletions": 2
          },
          {
            "hash": "efe120ed5c46bcbb3cde02e84a31071bb30ad29f",
            "message": "Time class done",
            "insertions": 26,
            "deletions": 0
          }
        ]
      },
      {
        "insertions": 0,
        "deletions": 0,
        "date": "2019-03-19",
        "commitResults": []
      },
      {
        "insertions": 85,
        "deletions": 0,
        "date": "2019-03-20",
        "commitResults": [
          {
            "hash": "46a070fddff2278a73b6279ddfd84adffc5a59e8",
            "message": "WorkoutList class done",
            "insertions": 85,
            "deletions": 0
          }
        ]
      },
      {
        "insertions": 0,
        "deletions": 0,
        "date": "2019-03-21",
        "commitResults": []
      },
      {
        "insertions": 0,
        "deletions": 0,
        "date": "2019-03-22",
        "commitResults": []
      },
      {
        "insertions": 0,
        "deletions": 0,
        "date": "2019-03-23",
        "commitResults": []
      },
      {
        "insertions": 551,
        "deletions": 14,
        "date": "2019-03-24",
        "commitResults": [
          {
            "hash": "22ca682771fddd9dfaecb5fb46237b5b556ca921",
            "message": "Storage class and interface for workout features implemented",
            "insertions": 551,
            "deletions": 14
          }
        ]
      },
      {
        "insertions": 378,
        "deletions": 26,
        "date": "2019-03-25",
        "commitResults": [
          {
            "hash": "b174f1001f521c4f3479ca657ad907a6aceb1f3c",
            "message": "Main App and UserPref updated, bug fixed.",
            "insertions": 39,
            "deletions": 3
          },
          {
            "hash": "bbffeafd5f28b59b8eae51ef2afe108554ec7c4f",
            "message": "Model, Logic, Command updated for the RandomCommand",
            "insertions": 339,
            "deletions": 23
          }
        ]
      },
      {
        "insertions": 0,
        "deletions": 0,
        "date": "2019-03-26",
        "commitResults": []
      },
      {
        "insertions": 0,
        "deletions": 0,
        "date": "2019-03-27",
        "commitResults": []
      },
      {
        "insertions": 0,
        "deletions": 0,
        "date": "2019-03-28",
        "commitResults": []
      },
      {
        "insertions": 0,
        "deletions": 0,
        "date": "2019-03-29",
        "commitResults": []
      },
      {
        "insertions": 0,
        "deletions": 0,
        "date": "2019-03-30",
        "commitResults": []
      },
      {
        "insertions": 0,
        "deletions": 0,
        "date": "2019-03-31",
        "commitResults": []
      },
      {
        "insertions": 0,
        "deletions": 0,
        "date": "2019-04-01",
        "commitResults": []
      },
      {
        "insertions": 0,
        "deletions": 0,
        "date": "2019-04-02",
        "commitResults": []
      },
      {
        "insertions": 0,
        "deletions": 0,
        "date": "2019-04-03",
        "commitResults": []
      },
      {
        "insertions": 0,
        "deletions": 0,
        "date": "2019-04-04",
        "commitResults": []
      },
      {
        "insertions": 0,
        "deletions": 0,
        "date": "2019-04-05",
        "commitResults": []
      },
      {
        "insertions": 0,
        "deletions": 0,
        "date": "2019-04-06",
        "commitResults": []
      }
    ],
    "swalahlah": [
      {
        "insertions": 0,
        "deletions": 0,
        "date": "2019-02-10",
        "commitResults": []
      },
      {
        "insertions": 0,
        "deletions": 0,
        "date": "2019-02-11",
        "commitResults": []
      },
      {
        "insertions": 0,
        "deletions": 0,
        "date": "2019-02-12",
        "commitResults": []
      },
      {
        "insertions": 0,
        "deletions": 0,
        "date": "2019-02-13",
        "commitResults": []
      },
      {
        "insertions": 0,
        "deletions": 0,
        "date": "2019-02-14",
        "commitResults": []
      },
      {
        "insertions": 0,
        "deletions": 0,
        "date": "2019-02-15",
        "commitResults": []
      },
      {
        "insertions": 0,
        "deletions": 0,
        "date": "2019-02-16",
        "commitResults": []
      },
      {
        "insertions": 0,
        "deletions": 0,
        "date": "2019-02-17",
        "commitResults": []
      },
      {
        "insertions": 0,
        "deletions": 0,
        "date": "2019-02-18",
        "commitResults": []
      },
      {
        "insertions": 0,
        "deletions": 0,
        "date": "2019-02-19",
        "commitResults": []
      },
      {
        "insertions": 0,
        "deletions": 0,
        "date": "2019-02-20",
        "commitResults": []
      },
      {
        "insertions": 0,
        "deletions": 0,
        "date": "2019-02-21",
        "commitResults": []
      },
      {
        "insertions": 0,
        "deletions": 0,
        "date": "2019-02-22",
        "commitResults": []
      },
      {
        "insertions": 0,
        "deletions": 0,
        "date": "2019-02-23",
        "commitResults": []
      },
      {
        "insertions": 0,
        "deletions": 0,
        "date": "2019-02-24",
        "commitResults": []
      },
      {
        "insertions": 0,
        "deletions": 0,
        "date": "2019-02-25",
        "commitResults": []
      },
      {
        "insertions": 0,
        "deletions": 0,
        "date": "2019-02-26",
        "commitResults": []
      },
      {
        "insertions": 0,
        "deletions": 0,
        "date": "2019-02-27",
        "commitResults": []
      },
      {
        "insertions": 0,
        "deletions": 0,
        "date": "2019-02-28",
        "commitResults": []
      },
      {
        "insertions": 0,
        "deletions": 0,
        "date": "2019-03-01",
        "commitResults": []
      },
      {
        "insertions": 0,
        "deletions": 0,
        "date": "2019-03-02",
        "commitResults": []
      },
      {
        "insertions": 0,
        "deletions": 0,
        "date": "2019-03-03",
        "commitResults": []
      },
      {
        "insertions": 0,
        "deletions": 0,
        "date": "2019-03-04",
        "commitResults": []
      },
      {
        "insertions": 0,
        "deletions": 0,
        "date": "2019-03-05",
        "commitResults": []
      },
      {
        "insertions": 0,
        "deletions": 0,
        "date": "2019-03-06",
        "commitResults": []
      },
      {
        "insertions": 0,
        "deletions": 0,
        "date": "2019-03-07",
        "commitResults": []
      },
      {
        "insertions": 0,
        "deletions": 0,
        "date": "2019-03-08",
        "commitResults": []
      },
      {
        "insertions": 0,
        "deletions": 0,
        "date": "2019-03-09",
        "commitResults": []
      },
      {
        "insertions": 0,
        "deletions": 0,
        "date": "2019-03-10",
        "commitResults": []
      },
      {
        "insertions": 0,
        "deletions": 0,
        "date": "2019-03-11",
        "commitResults": []
      },
      {
        "insertions": 0,
        "deletions": 0,
        "date": "2019-03-12",
        "commitResults": []
      },
      {
        "insertions": 0,
        "deletions": 0,
        "date": "2019-03-13",
        "commitResults": []
      },
      {
        "insertions": 0,
        "deletions": 0,
        "date": "2019-03-14",
        "commitResults": []
      },
      {
        "insertions": 0,
        "deletions": 0,
        "date": "2019-03-15",
        "commitResults": []
      },
      {
        "insertions": 0,
        "deletions": 0,
        "date": "2019-03-16",
        "commitResults": []
      },
      {
        "insertions": 0,
        "deletions": 0,
        "date": "2019-03-17",
        "commitResults": []
      },
      {
        "insertions": 0,
        "deletions": 0,
        "date": "2019-03-18",
        "commitResults": []
      },
      {
        "insertions": 0,
        "deletions": 0,
        "date": "2019-03-19",
        "commitResults": []
      },
      {
        "insertions": 0,
        "deletions": 0,
        "date": "2019-03-20",
        "commitResults": []
      },
      {
        "insertions": 0,
        "deletions": 0,
        "date": "2019-03-21",
        "commitResults": []
      },
      {
        "insertions": 0,
        "deletions": 0,
        "date": "2019-03-22",
        "commitResults": []
      },
      {
        "insertions": 0,
        "deletions": 0,
        "date": "2019-03-23",
        "commitResults": []
      },
      {
        "insertions": 0,
        "deletions": 0,
        "date": "2019-03-24",
        "commitResults": []
      },
      {
        "insertions": 0,
        "deletions": 0,
        "date": "2019-03-25",
        "commitResults": []
      },
      {
        "insertions": 0,
        "deletions": 0,
        "date": "2019-03-26",
        "commitResults": []
      },
      {
        "insertions": 0,
        "deletions": 0,
        "date": "2019-03-27",
        "commitResults": []
      },
      {
        "insertions": 0,
        "deletions": 0,
        "date": "2019-03-28",
        "commitResults": []
      },
      {
        "insertions": 0,
        "deletions": 0,
        "date": "2019-03-29",
        "commitResults": []
      },
      {
        "insertions": 0,
        "deletions": 0,
        "date": "2019-03-30",
        "commitResults": []
      },
      {
        "insertions": 0,
        "deletions": 0,
        "date": "2019-03-31",
        "commitResults": []
      },
      {
        "insertions": 0,
        "deletions": 0,
        "date": "2019-04-01",
        "commitResults": []
      },
      {
        "insertions": 0,
        "deletions": 0,
        "date": "2019-04-02",
        "commitResults": []
      },
      {
        "insertions": 0,
        "deletions": 0,
        "date": "2019-04-03",
        "commitResults": []
      },
      {
        "insertions": 0,
        "deletions": 0,
        "date": "2019-04-04",
        "commitResults": []
      },
      {
        "insertions": 0,
        "deletions": 0,
        "date": "2019-04-05",
        "commitResults": []
      },
      {
        "insertions": 0,
        "deletions": 0,
        "date": "2019-04-06",
        "commitResults": []
      }
    ],
    "weizhonglauw": [
      {
        "insertions": 0,
        "deletions": 0,
        "date": "2019-02-10",
        "commitResults": []
      },
      {
        "insertions": 0,
        "deletions": 0,
        "date": "2019-02-11",
        "commitResults": []
      },
      {
        "insertions": 0,
        "deletions": 0,
        "date": "2019-02-12",
        "commitResults": []
      },
      {
        "insertions": 0,
        "deletions": 0,
        "date": "2019-02-13",
        "commitResults": []
      },
      {
        "insertions": 0,
        "deletions": 0,
        "date": "2019-02-14",
        "commitResults": []
      },
      {
        "insertions": 0,
        "deletions": 0,
        "date": "2019-02-15",
        "commitResults": []
      },
      {
        "insertions": 0,
        "deletions": 0,
        "date": "2019-02-16",
        "commitResults": []
      },
      {
        "insertions": 0,
        "deletions": 0,
        "date": "2019-02-17",
        "commitResults": []
      },
      {
        "insertions": 0,
        "deletions": 0,
        "date": "2019-02-18",
        "commitResults": []
      },
      {
        "insertions": 0,
        "deletions": 0,
        "date": "2019-02-19",
        "commitResults": []
      },
      {
        "insertions": 0,
        "deletions": 0,
        "date": "2019-02-20",
        "commitResults": []
      },
      {
        "insertions": 0,
        "deletions": 0,
        "date": "2019-02-21",
        "commitResults": []
      },
      {
        "insertions": 0,
        "deletions": 0,
        "date": "2019-02-22",
        "commitResults": []
      },
      {
        "insertions": 0,
        "deletions": 0,
        "date": "2019-02-23",
        "commitResults": []
      },
      {
        "insertions": 0,
        "deletions": 0,
        "date": "2019-02-24",
        "commitResults": []
      },
      {
        "insertions": 0,
        "deletions": 0,
        "date": "2019-02-25",
        "commitResults": []
      },
      {
        "insertions": 0,
        "deletions": 0,
        "date": "2019-02-26",
        "commitResults": []
      },
      {
        "insertions": 0,
        "deletions": 0,
        "date": "2019-02-27",
        "commitResults": []
      },
      {
        "insertions": 0,
        "deletions": 0,
        "date": "2019-02-28",
        "commitResults": []
      },
      {
        "insertions": 0,
        "deletions": 0,
        "date": "2019-03-01",
        "commitResults": []
      },
      {
        "insertions": 0,
        "deletions": 0,
        "date": "2019-03-02",
        "commitResults": []
      },
      {
        "insertions": 0,
        "deletions": 0,
        "date": "2019-03-03",
        "commitResults": []
      },
      {
        "insertions": 0,
        "deletions": 0,
        "date": "2019-03-04",
        "commitResults": []
      },
      {
        "insertions": 0,
        "deletions": 0,
        "date": "2019-03-05",
        "commitResults": []
      },
      {
        "insertions": 0,
        "deletions": 0,
        "date": "2019-03-06",
        "commitResults": []
      },
      {
        "insertions": 0,
        "deletions": 0,
        "date": "2019-03-07",
        "commitResults": []
      },
      {
        "insertions": 0,
        "deletions": 0,
        "date": "2019-03-08",
        "commitResults": []
      },
      {
        "insertions": 0,
        "deletions": 0,
        "date": "2019-03-09",
        "commitResults": []
      },
      {
        "insertions": 0,
        "deletions": 0,
        "date": "2019-03-10",
        "commitResults": []
      },
      {
        "insertions": 0,
        "deletions": 0,
        "date": "2019-03-11",
        "commitResults": []
      },
      {
        "insertions": 0,
        "deletions": 0,
        "date": "2019-03-12",
        "commitResults": []
      },
      {
        "insertions": 0,
        "deletions": 0,
        "date": "2019-03-13",
        "commitResults": []
      },
      {
        "insertions": 0,
        "deletions": 0,
        "date": "2019-03-14",
        "commitResults": []
      },
      {
        "insertions": 0,
        "deletions": 0,
        "date": "2019-03-15",
        "commitResults": []
      },
      {
        "insertions": 0,
        "deletions": 0,
        "date": "2019-03-16",
        "commitResults": []
      },
      {
        "insertions": 0,
        "deletions": 0,
        "date": "2019-03-17",
        "commitResults": []
      },
      {
        "insertions": 38,
        "deletions": 0,
        "date": "2019-03-18",
        "commitResults": [
          {
            "hash": "0db44ad3ac2cb588b4402a2d1326bba4df846032",
            "message": "Update DeveloperGuide.adoc",
            "insertions": 38,
            "deletions": 0
          }
        ]
      },
      {
        "insertions": 0,
        "deletions": 0,
        "date": "2019-03-19",
        "commitResults": []
      },
      {
        "insertions": 0,
        "deletions": 0,
        "date": "2019-03-20",
        "commitResults": []
      },
      {
        "insertions": 0,
        "deletions": 0,
        "date": "2019-03-21",
        "commitResults": []
      },
      {
        "insertions": 0,
        "deletions": 0,
        "date": "2019-03-22",
        "commitResults": []
      },
      {
        "insertions": 1695,
        "deletions": 47,
        "date": "2019-03-23",
        "commitResults": [
          {
            "hash": "60da356a0eca503d304e1d9df26b9774d1fadd19",
            "message": "Added \"ExpenditureList\" commit",
            "insertions": 1695,
            "deletions": 47
          }
        ]
      },
      {
        "insertions": 6,
        "deletions": 630,
        "date": "2019-03-24",
        "commitResults": [
          {
            "hash": "3464e39984a95f7122e9fd9f07c60567a36f469d",
            "message": "Revert \"pull from main page to update local repo\"",
            "insertions": 6,
            "deletions": 630
          }
        ]
      },
      {
        "insertions": 1328,
        "deletions": 695,
        "date": "2019-03-25",
        "commitResults": [
          {
            "hash": "a2d4fcda0531462c69d706926d08ae0d2616b333",
            "message": "Added a one liner preface to each features in the user guide",
            "insertions": 8,
            "deletions": 1
          },
          {
            "hash": "c1173987b558c168165984c56687ec12dd76404d",
            "message": "Revert \"Revert \"pull from main page to update local repo\"\"",
            "insertions": 630,
            "deletions": 6
          },
          {
            "hash": "0134ffb1ca18b46d473309d7aa41bb6a19f1835c",
            "message": "- Edited implementation of ExpenditureList feature in developer guide - Worked on some formatting issues on use cases in developer guide",
            "insertions": 15,
            "deletions": 16
          },
          {
            "hash": "db1bbd5dbd8634e8c65df8c5abc4f8e0215729b0",
            "message": "Revert \"Revert \"Revert \"pull from main page to update local repo\"\"\"",
            "insertions": 6,
            "deletions": 630
          },
          {
            "hash": "6c76e078fb2c6c273161121e4b7e4eada7d299a5",
            "message": "- Modified app\u0027s description in README.adoc - Updated UI with newer version",
            "insertions": 12,
            "deletions": 10
          },
          {
            "hash": "24618db32e6b177cc15c094e5dc08143bc3b9ed6",
            "message": "- Edited format error",
            "insertions": 1,
            "deletions": 1
          },
          {
            "hash": "bc15e21e9f73bfe9422253e59d5e3cc6278b5675",
            "message": "Revert \"Modified README.adoc\"",
            "insertions": 640,
            "deletions": 18
          },
          {
            "hash": "c01e096464e799bef168778b3c6a51d8b01a24c0",
            "message": "- Modified app\u0027s description in README.adoc - Updated UI",
            "insertions": 13,
            "deletions": 10
          },
          {
            "hash": "2cb5b28e11172a8f307a1324f71ff7fbb04bcb7b",
            "message": "- Solved some format issues",
            "insertions": 3,
            "deletions": 3
          }
        ]
      },
      {
        "insertions": 180,
        "deletions": 42,
        "date": "2019-03-26",
        "commitResults": [
          {
            "hash": "b721620ac434fba5fd90f4b52810e29f13e183e6",
            "message": "Modified logic manager - added purchases can now be seen in the expenditure list section",
            "insertions": 13,
            "deletions": 3
          },
          {
            "hash": "8ef53c8234f41ab729de94b130b3e248d35685c7",
            "message": "Changed some format in userguide - daily task, expenditure list etc. are now under \"features\"",
            "insertions": 138,
            "deletions": 36
          },
          {
            "hash": "fae5cc1c04d7c6bd2e62db53eaf05b61ad339735",
            "message": "added ClearExpListCommand (able to work)",
            "insertions": 26,
            "deletions": 1
          },
          {
            "hash": "7c4ae03ca574581002209b83223d488b99da1c25",
            "message": "edited userguide under \"clearing expenditure list\"",
            "insertions": 3,
            "deletions": 2
          }
        ]
      },
      {
        "insertions": 0,
        "deletions": 0,
        "date": "2019-03-27",
        "commitResults": []
      },
      {
        "insertions": 0,
        "deletions": 0,
        "date": "2019-03-28",
        "commitResults": []
      },
      {
        "insertions": 0,
        "deletions": 0,
        "date": "2019-03-29",
        "commitResults": []
      },
      {
        "insertions": 0,
        "deletions": 0,
        "date": "2019-03-30",
        "commitResults": []
      },
      {
        "insertions": 0,
        "deletions": 0,
        "date": "2019-03-31",
        "commitResults": []
      },
      {
        "insertions": 14,
        "deletions": 9,
        "date": "2019-04-01",
        "commitResults": [
          {
            "hash": "fec2483082ae8628af85cef47b7b207706e714a1",
            "message": "clean up for some comments",
            "insertions": 4,
            "deletions": 5
          },
          {
            "hash": "9ba3d3a59bb79b36d160d3b0d097a925ac8e89bf",
            "message": "added \"$\" in message upon adding purchase",
            "insertions": 1,
            "deletions": 1
          },
          {
            "hash": "f4e345d1f38c4d4c8704f9999b8d4c91eb62a580",
            "message": "-updated studenthandbookUI for readme.adoc -included $ signs on expenditure list shown to user",
            "insertions": 7,
            "deletions": 1
          },
          {
            "hash": "4b4510da0825f7e28dbbd023e073632a56599c9c",
            "message": "updated screenshot in userguide",
            "insertions": 1,
            "deletions": 1
          },
          {
            "hash": "54d78ea81278642da5692a7f46be53d404c130a9",
            "message": "updated UI class diagram for developer guide",
            "insertions": 1,
            "deletions": 1
          }
        ]
      },
      {
        "insertions": 132,
        "deletions": 128,
        "date": "2019-04-02",
        "commitResults": [
          {
            "hash": "cca4712d80490e912f78b1d4932cca588a06f1c8",
            "message": "trying to solve missing link on GUI in user guide",
            "insertions": 2,
            "deletions": 2
          },
          {
            "hash": "e9dce300b13b75eb01f0c9b8668958f5d7f50a4c",
            "message": "updated startup GUI in userguide",
            "insertions": 1,
            "deletions": 1
          },
          {
            "hash": "a7a39eec540f481c8f1f7b354fc649ad24ddead5",
            "message": "changed name of addressbook in UI and some messages",
            "insertions": 5,
            "deletions": 5
          },
          {
            "hash": "8194c5a0aba61e60e8b04253acf1cc3d7c32bfc9",
            "message": "updated user guide for peer test",
            "insertions": 124,
            "deletions": 120
          }
        ]
      },
      {
        "insertions": 47,
        "deletions": 46,
        "date": "2019-04-03",
        "commitResults": [
          {
            "hash": "e5f2f8ae3914258b17c1a2b554e77ae08758196e",
            "message": "updated README.adoc",
            "insertions": 3,
            "deletions": 3
          },
          {
            "hash": "b1e1b0d4b5dddbc6f42558b6ad8dc75604510aff",
            "message": "updated developer guide",
            "insertions": 36,
            "deletions": 35
          },
          {
            "hash": "a5866828e195af8a647c35ae1be0acef34a6330d",
            "message": "updated example on addpurchase command",
            "insertions": 1,
            "deletions": 1
          },
          {
            "hash": "1d525a2343adb73d53755d4c0c374c7eb022ff91",
            "message": "updated error message for addpurchase command",
            "insertions": 3,
            "deletions": 3
          },
          {
            "hash": "cd44f3d4b76633032db750c2d41578f82f7247cb",
            "message": "updated mainwindow title updated screenshots for readme.adoc and userguide",
            "insertions": 4,
            "deletions": 4
          }
        ]
      },
      {
        "insertions": 0,
        "deletions": 0,
        "date": "2019-04-04",
        "commitResults": []
      },
      {
        "insertions": 0,
        "deletions": 0,
        "date": "2019-04-05",
        "commitResults": []
      },
      {
        "insertions": 0,
        "deletions": 0,
        "date": "2019-04-06",
        "commitResults": []
      }
    ],
    "jayrometan": [
      {
        "insertions": 0,
        "deletions": 0,
        "date": "2019-02-10",
        "commitResults": []
      },
      {
        "insertions": 0,
        "deletions": 0,
        "date": "2019-02-11",
        "commitResults": []
      },
      {
        "insertions": 0,
        "deletions": 0,
        "date": "2019-02-12",
        "commitResults": []
      },
      {
        "insertions": 0,
        "deletions": 0,
        "date": "2019-02-13",
        "commitResults": []
      },
      {
        "insertions": 0,
        "deletions": 0,
        "date": "2019-02-14",
        "commitResults": []
      },
      {
        "insertions": 0,
        "deletions": 0,
        "date": "2019-02-15",
        "commitResults": []
      },
      {
        "insertions": 0,
        "deletions": 0,
        "date": "2019-02-16",
        "commitResults": []
      },
      {
        "insertions": 0,
        "deletions": 0,
        "date": "2019-02-17",
        "commitResults": []
      },
      {
        "insertions": 0,
        "deletions": 0,
        "date": "2019-02-18",
        "commitResults": []
      },
      {
        "insertions": 0,
        "deletions": 0,
        "date": "2019-02-19",
        "commitResults": []
      },
      {
        "insertions": 0,
        "deletions": 0,
        "date": "2019-02-20",
        "commitResults": []
      },
      {
        "insertions": 0,
        "deletions": 0,
        "date": "2019-02-21",
        "commitResults": []
      },
      {
        "insertions": 0,
        "deletions": 0,
        "date": "2019-02-22",
        "commitResults": []
      },
      {
        "insertions": 0,
        "deletions": 0,
        "date": "2019-02-23",
        "commitResults": []
      },
      {
        "insertions": 0,
        "deletions": 0,
        "date": "2019-02-24",
        "commitResults": []
      },
      {
        "insertions": 0,
        "deletions": 0,
        "date": "2019-02-25",
        "commitResults": []
      },
      {
        "insertions": 0,
        "deletions": 0,
        "date": "2019-02-26",
        "commitResults": []
      },
      {
        "insertions": 0,
        "deletions": 0,
        "date": "2019-02-27",
        "commitResults": []
      },
      {
        "insertions": 0,
        "deletions": 0,
        "date": "2019-02-28",
        "commitResults": []
      },
      {
        "insertions": 0,
        "deletions": 0,
        "date": "2019-03-01",
        "commitResults": []
      },
      {
        "insertions": 0,
        "deletions": 0,
        "date": "2019-03-02",
        "commitResults": []
      },
      {
        "insertions": 0,
        "deletions": 0,
        "date": "2019-03-03",
        "commitResults": []
      },
      {
        "insertions": 0,
        "deletions": 0,
        "date": "2019-03-04",
        "commitResults": []
      },
      {
        "insertions": 0,
        "deletions": 0,
        "date": "2019-03-05",
        "commitResults": []
      },
      {
        "insertions": 0,
        "deletions": 0,
        "date": "2019-03-06",
        "commitResults": []
      },
      {
        "insertions": 0,
        "deletions": 0,
        "date": "2019-03-07",
        "commitResults": []
      },
      {
        "insertions": 0,
        "deletions": 0,
        "date": "2019-03-08",
        "commitResults": []
      },
      {
        "insertions": 0,
        "deletions": 0,
        "date": "2019-03-09",
        "commitResults": []
      },
      {
        "insertions": 0,
        "deletions": 0,
        "date": "2019-03-10",
        "commitResults": []
      },
      {
        "insertions": 0,
        "deletions": 0,
        "date": "2019-03-11",
        "commitResults": []
      },
      {
        "insertions": 0,
        "deletions": 0,
        "date": "2019-03-12",
        "commitResults": []
      },
      {
        "insertions": 0,
        "deletions": 0,
        "date": "2019-03-13",
        "commitResults": []
      },
      {
        "insertions": 0,
        "deletions": 0,
        "date": "2019-03-14",
        "commitResults": []
      },
      {
        "insertions": 0,
        "deletions": 0,
        "date": "2019-03-15",
        "commitResults": []
      },
      {
        "insertions": 0,
        "deletions": 0,
        "date": "2019-03-16",
        "commitResults": []
      },
      {
        "insertions": 0,
        "deletions": 0,
        "date": "2019-03-17",
        "commitResults": []
      },
      {
        "insertions": 415,
        "deletions": 293,
        "date": "2019-03-18",
        "commitResults": [
          {
            "hash": "07245e33d0388800e25719d2f72b1bc04ed2e6f9",
            "message": "Added AddTask Command Updated Developer Guide Updated User Guide",
            "insertions": 211,
            "deletions": 237
          },
          {
            "hash": "86d17cacd7f591bfad32bf43d27a9d1802ffad05",
            "message": "Updated AboutUs.adoc ContactUs.adoc DeveloperGuide.adoc",
            "insertions": 204,
            "deletions": 56
          }
        ]
      },
      {
        "insertions": 625,
        "deletions": 2,
        "date": "2019-03-19",
        "commitResults": [
          {
            "hash": "2c5461ae3aa0c53e212fd277f508ee31557bf235",
            "message": "Updated AboutUs.adoc ContactUs.adoc DeveloperGuide.adoc",
            "insertions": 623,
            "deletions": 0
          },
          {
            "hash": "09f6ae5a5871cd07b7203bd041fd6916a0473bd2",
            "message": "Test",
            "insertions": 1,
            "deletions": 1
          },
          {
            "hash": "95d86c6d98671dd2857b4f6eb5b9f290c874672e",
            "message": "Test",
            "insertions": 1,
            "deletions": 1
          }
        ]
      },
      {
        "insertions": 0,
        "deletions": 0,
        "date": "2019-03-20",
        "commitResults": []
      },
      {
        "insertions": 244,
        "deletions": 26,
        "date": "2019-03-21",
        "commitResults": [
          {
            "hash": "592fa84a803d1e4d39ebe09415caf2685ef61b07",
            "message": "Created the relevant models for Task",
            "insertions": 244,
            "deletions": 26
          }
        ]
      },
      {
        "insertions": 511,
        "deletions": 76,
        "date": "2019-03-22",
        "commitResults": [
          {
            "hash": "aebd53e98bc2906b54d8f892ecfab806ea21a5ef",
            "message": "Created VBox UI for Task List. Added headings for the relevant VBoxes Connected the tasklist.json to the UI AddTaskCommand can be executed and displayed in the UI.",
            "insertions": 141,
            "deletions": 30
          },
          {
            "hash": "5bb31c8a8cc61a9fa0cae3186ff20f01d16dae19",
            "message": "Added Stubs to the test so that AddressBook can compile succesfully.",
            "insertions": 104,
            "deletions": 45
          },
          {
            "hash": "d7c1eda90965ed067db77c41cffc3633d1d34fb4",
            "message": "Committing some unversioned files that i did not commit previously",
            "insertions": 266,
            "deletions": 1
          }
        ]
      },
      {
        "insertions": 0,
        "deletions": 0,
        "date": "2019-03-23",
        "commitResults": []
      },
      {
        "insertions": 0,
        "deletions": 0,
        "date": "2019-03-24",
        "commitResults": []
      },
      {
        "insertions": 0,
        "deletions": 0,
        "date": "2019-03-25",
        "commitResults": []
      },
      {
        "insertions": 0,
        "deletions": 0,
        "date": "2019-03-26",
        "commitResults": []
      },
      {
        "insertions": 52,
        "deletions": 19,
        "date": "2019-03-27",
        "commitResults": [
          {
            "hash": "ece9a17607c6bd0791350bd1dc02a310cd285124",
            "message": "Added Verification of Duplication for AddTask Command",
            "insertions": 52,
            "deletions": 19
          }
        ]
      },
      {
        "insertions": 118,
        "deletions": 69,
        "date": "2019-03-28",
        "commitResults": [
          {
            "hash": "97a12efec3703367851074ce564e71630dbd2b27",
            "message": "Added validation of input date and time. If entered an invalid date with a format ddMMyy e.g. 241519 , this would cause an exception. The same goes for time.",
            "insertions": 90,
            "deletions": 48
          },
          {
            "hash": "23684a88157d64e0cdc749e8a92471889bd80a57",
            "message": "added display for the invalid dates and times with the error messages!",
            "insertions": 28,
            "deletions": 21
          }
        ]
      },
      {
        "insertions": 0,
        "deletions": 0,
        "date": "2019-03-29",
        "commitResults": []
      },
      {
        "insertions": 0,
        "deletions": 0,
        "date": "2019-03-30",
        "commitResults": []
      },
      {
        "insertions": 60,
        "deletions": 0,
        "date": "2019-03-31",
        "commitResults": [
          {
            "hash": "3bd7e4bc7dbdbe492cef80aaeeebdf1d6244396d",
            "message": "Adding the json files",
            "insertions": 60,
            "deletions": 0
          }
        ]
      },
      {
        "insertions": 733,
        "deletions": 136,
        "date": "2019-04-01",
        "commitResults": [
          {
            "hash": "06bb0fe9a37152124dbec5327f9378da3c5d3375",
            "message": "Uploading the Developer Guide for 010419 CS2101 lesson",
            "insertions": 229,
            "deletions": 59
          },
          {
            "hash": "1c00ceaf59385c298afefd856d094d69a27dcdb9",
            "message": "Some minor fixes",
            "insertions": 362,
            "deletions": 43
          },
          {
            "hash": "e2572c1fbe27ab8cc439cbd358511247e74c9c89",
            "message": "Implemented some missing methods Generated a JAR file.",
            "insertions": 142,
            "deletions": 34
          }
        ]
      },
      {
        "insertions": 0,
        "deletions": 0,
        "date": "2019-04-02",
        "commitResults": []
      },
      {
        "insertions": 19,
        "deletions": 23,
        "date": "2019-04-03",
        "commitResults": [
          {
            "hash": "8edb7682f4852e11ad38c2af37415a4ab35d548b",
            "message": "test",
            "insertions": 2,
            "deletions": 1
          },
          {
            "hash": "d5fcff23fb6d82945ae939bdea81c22bccf2f483",
            "message": "TRAVIS STUFF",
            "insertions": 11,
            "deletions": 15
          },
          {
            "hash": "13008b9aa50a3b7181cf518a8202e80d3e8140b6",
            "message": "test",
            "insertions": 2,
            "deletions": 5
          },
          {
            "hash": "a67efa5f348d5ca17562af31dc609fa70c005b9e",
            "message": "test",
            "insertions": 1,
            "deletions": 0
          },
          {
            "hash": "0c6d8c73a3cf6d0825edd6db50aa9e9141d4e26e",
            "message": "test",
            "insertions": 0,
            "deletions": 1
          },
          {
            "hash": "aab9e5f2addef6f9778b1aef9f2f6802f29beed7",
            "message": "test",
            "insertions": 3,
            "deletions": 1
          }
        ]
      },
      {
        "insertions": 0,
        "deletions": 0,
        "date": "2019-04-04",
        "commitResults": []
      },
      {
        "insertions": 0,
        "deletions": 0,
        "date": "2019-04-05",
        "commitResults": []
      },
      {
        "insertions": 891,
        "deletions": 801,
        "date": "2019-04-06",
        "commitResults": [
          {
            "hash": "606a890b68a7d8cd65fe58237ca3f3aaced2297c",
            "message": "travis checkstyle",
            "insertions": 468,
            "deletions": 528
          },
          {
            "hash": "7fb8223b6f7c026d0177db665b891c58096d0c4a",
            "message": "travis checkstyle",
            "insertions": 297,
            "deletions": 187
          },
          {
            "hash": "5fec4a4bc437fe383343f12c9ac26737f6a74036",
            "message": "travis checkstyle",
            "insertions": 34,
            "deletions": 15
          },
          {
            "hash": "8c8a6158b321e235a2a96b750e155822f3c17c31",
            "message": "travis checkstyle",
            "insertions": 1,
            "deletions": 1
          },
          {
            "hash": "84f678ba5e7029528a34af9003b66f68a410e4d5",
            "message": "travis checkstyle",
            "insertions": 88,
            "deletions": 66
          },
          {
            "hash": "d1e48101a564eca52a852b249bb8970ba8f48051",
            "message": "travis checkstyle",
            "insertions": 3,
            "deletions": 4
          }
        ]
      }
    ]
  },
  "authorFinalContributionMap": {
    "yongjia96": 954,
    "swalahlah": 0,
    "weizhonglauw": 1734,
    "jayrometan": 2743
  },
  "authorContributionVariance": {
    "yongjia96": 8889.231,
    "swalahlah": 0.0,
    "weizhonglauw": 128679.21,
    "jayrometan": 80507.61
  },
  "authorDisplayNameMap": {
    "yongjia96": "PAN...JIA",
    "swalahlah": "LIO...HUI",
    "weizhonglauw": "LAU...ONG",
    "jayrometan": "TAN...OME"
  }
}
