{
  "authorDailyContributionsMap": {
    "yongjia96": [
      {
        "insertions": 0,
        "deletions": 0,
        "date": "2019-02-10",
        "commitResults": []
      },
      {
        "insertions": 0,
        "deletions": 0,
        "date": "2019-02-11",
        "commitResults": []
      },
      {
        "insertions": 0,
        "deletions": 0,
        "date": "2019-02-12",
        "commitResults": []
      },
      {
        "insertions": 0,
        "deletions": 0,
        "date": "2019-02-13",
        "commitResults": []
      },
      {
        "insertions": 0,
        "deletions": 0,
        "date": "2019-02-14",
        "commitResults": []
      },
      {
        "insertions": 0,
        "deletions": 0,
        "date": "2019-02-15",
        "commitResults": []
      },
      {
        "insertions": 0,
        "deletions": 0,
        "date": "2019-02-16",
        "commitResults": []
      },
      {
        "insertions": 0,
        "deletions": 0,
        "date": "2019-02-17",
        "commitResults": []
      },
      {
        "insertions": 0,
        "deletions": 0,
        "date": "2019-02-18",
        "commitResults": []
      },
      {
        "insertions": 0,
        "deletions": 0,
        "date": "2019-02-19",
        "commitResults": []
      },
      {
        "insertions": 0,
        "deletions": 0,
        "date": "2019-02-20",
        "commitResults": []
      },
      {
        "insertions": 0,
        "deletions": 0,
        "date": "2019-02-21",
        "commitResults": []
      },
      {
        "insertions": 0,
        "deletions": 0,
        "date": "2019-02-22",
        "commitResults": []
      },
      {
        "insertions": 0,
        "deletions": 0,
        "date": "2019-02-23",
        "commitResults": []
      },
      {
        "insertions": 0,
        "deletions": 0,
        "date": "2019-02-24",
        "commitResults": []
      },
      {
        "insertions": 0,
        "deletions": 0,
        "date": "2019-02-25",
        "commitResults": []
      },
      {
        "insertions": 0,
        "deletions": 0,
        "date": "2019-02-26",
        "commitResults": []
      },
      {
        "insertions": 0,
        "deletions": 0,
        "date": "2019-02-27",
        "commitResults": []
      },
      {
        "insertions": 0,
        "deletions": 0,
        "date": "2019-02-28",
        "commitResults": []
      },
      {
        "insertions": 0,
        "deletions": 0,
        "date": "2019-03-01",
        "commitResults": []
      },
      {
        "insertions": 0,
        "deletions": 0,
        "date": "2019-03-02",
        "commitResults": []
      },
      {
        "insertions": 0,
        "deletions": 0,
        "date": "2019-03-03",
        "commitResults": []
      },
      {
        "insertions": 0,
        "deletions": 0,
        "date": "2019-03-04",
        "commitResults": []
      },
      {
        "insertions": 0,
        "deletions": 0,
        "date": "2019-03-05",
        "commitResults": []
      },
      {
        "insertions": 0,
        "deletions": 0,
        "date": "2019-03-06",
        "commitResults": []
      },
      {
        "insertions": 0,
        "deletions": 0,
        "date": "2019-03-07",
        "commitResults": []
      },
      {
        "insertions": 0,
        "deletions": 0,
        "date": "2019-03-08",
        "commitResults": []
      },
      {
        "insertions": 0,
        "deletions": 0,
        "date": "2019-03-09",
        "commitResults": []
      },
      {
        "insertions": 0,
        "deletions": 0,
        "date": "2019-03-10",
        "commitResults": []
      },
      {
        "insertions": 0,
        "deletions": 0,
        "date": "2019-03-11",
        "commitResults": []
      },
      {
        "insertions": 0,
        "deletions": 0,
        "date": "2019-03-12",
        "commitResults": []
      },
      {
        "insertions": 0,
        "deletions": 0,
        "date": "2019-03-13",
        "commitResults": []
      },
      {
        "insertions": 0,
        "deletions": 0,
        "date": "2019-03-14",
        "commitResults": []
      },
      {
        "insertions": 0,
        "deletions": 0,
        "date": "2019-03-15",
        "commitResults": []
      },
      {
        "insertions": 0,
        "deletions": 0,
        "date": "2019-03-16",
        "commitResults": []
      },
      {
        "insertions": 0,
        "deletions": 0,
        "date": "2019-03-17",
        "commitResults": []
      },
      {
        "insertions": 186,
        "deletions": 3,
        "date": "2019-03-18",
        "commitResults": [
          {
            "hash": "1b03802f064f26f318873070b2ab2ca2a8d454ce",
            "message": "Workout class done",
            "insertions": 69,
            "deletions": 0
          },
          {
            "hash": "57a43bdadc53e0b3da90a11953c7d967c1f6fc72",
            "message": "Exercise class done",
            "insertions": 37,
            "deletions": 1
          },
          {
            "hash": "7b48fb6a9b4dea638ff5f46c2fa4971355dc6efd",
            "message": "Set and rep class done",
            "insertions": 54,
            "deletions": 2
          },
          {
            "hash": "efe120ed5c46bcbb3cde02e84a31071bb30ad29f",
            "message": "Time class done",
            "insertions": 26,
            "deletions": 0
          }
        ]
      },
      {
        "insertions": 0,
        "deletions": 0,
        "date": "2019-03-19",
        "commitResults": []
      },
      {
        "insertions": 85,
        "deletions": 0,
        "date": "2019-03-20",
        "commitResults": [
          {
            "hash": "46a070fddff2278a73b6279ddfd84adffc5a59e8",
            "message": "WorkoutList class done",
            "insertions": 85,
            "deletions": 0
          }
        ]
      },
      {
        "insertions": 0,
        "deletions": 0,
        "date": "2019-03-21",
        "commitResults": []
      },
      {
        "insertions": 0,
        "deletions": 0,
        "date": "2019-03-22",
        "commitResults": []
      },
      {
        "insertions": 0,
        "deletions": 0,
        "date": "2019-03-23",
        "commitResults": []
      },
      {
        "insertions": 551,
        "deletions": 14,
        "date": "2019-03-24",
        "commitResults": [
          {
            "hash": "22ca682771fddd9dfaecb5fb46237b5b556ca921",
            "message": "Storage class and interface for workout features implemented",
            "insertions": 551,
            "deletions": 14
          }
        ]
      },
      {
        "insertions": 378,
        "deletions": 26,
        "date": "2019-03-25",
        "commitResults": [
          {
            "hash": "b174f1001f521c4f3479ca657ad907a6aceb1f3c",
            "message": "Main App and UserPref updated, bug fixed.",
            "insertions": 39,
            "deletions": 3
          },
          {
            "hash": "bbffeafd5f28b59b8eae51ef2afe108554ec7c4f",
            "message": "Model, Logic, Command updated for the RandomCommand",
            "insertions": 339,
            "deletions": 23
          }
        ]
      },
      {
        "insertions": 0,
        "deletions": 0,
        "date": "2019-03-26",
        "commitResults": []
      },
      {
        "insertions": 0,
        "deletions": 0,
        "date": "2019-03-27",
        "commitResults": []
      },
      {
        "insertions": 0,
        "deletions": 0,
        "date": "2019-03-28",
        "commitResults": []
      },
      {
        "insertions": 0,
        "deletions": 0,
        "date": "2019-03-29",
        "commitResults": []
      },
      {
        "insertions": 0,
        "deletions": 0,
        "date": "2019-03-30",
        "commitResults": []
      },
      {
        "insertions": 0,
        "deletions": 0,
        "date": "2019-03-31",
        "commitResults": []
      },
      {
        "insertions": 0,
        "deletions": 0,
        "date": "2019-04-01",
        "commitResults": []
      },
      {
        "insertions": 0,
        "deletions": 0,
        "date": "2019-04-02",
        "commitResults": []
      },
      {
        "insertions": 0,
        "deletions": 0,
        "date": "2019-04-03",
        "commitResults": []
      },
      {
        "insertions": 0,
        "deletions": 0,
        "date": "2019-04-04",
        "commitResults": []
      },
      {
        "insertions": 0,
        "deletions": 0,
        "date": "2019-04-05",
        "commitResults": []
      },
      {
        "insertions": 0,
        "deletions": 0,
        "date": "2019-04-06",
        "commitResults": []
      },
      {
        "insertions": 0,
        "deletions": 0,
        "date": "2019-04-07",
        "commitResults": []
      },
      {
        "insertions": 0,
        "deletions": 0,
        "date": "2019-04-08",
        "commitResults": []
      },
      {
        "insertions": 0,
        "deletions": 0,
        "date": "2019-04-09",
        "commitResults": []
      },
      {
        "insertions": 0,
        "deletions": 0,
        "date": "2019-04-10",
        "commitResults": []
      },
      {
        "insertions": 0,
        "deletions": 0,
        "date": "2019-04-11",
        "commitResults": []
      },
      {
        "insertions": 0,
        "deletions": 0,
        "date": "2019-04-12",
        "commitResults": []
      },
      {
        "insertions": 0,
        "deletions": 0,
        "date": "2019-04-13",
        "commitResults": []
      }
    ],
    "wongyuqi": [
      {
        "insertions": 0,
        "deletions": 0,
        "date": "2019-02-10",
        "commitResults": []
      },
      {
        "insertions": 0,
        "deletions": 0,
        "date": "2019-02-11",
        "commitResults": []
      },
      {
        "insertions": 0,
        "deletions": 0,
        "date": "2019-02-12",
        "commitResults": []
      },
      {
        "insertions": 0,
        "deletions": 0,
        "date": "2019-02-13",
        "commitResults": []
      },
      {
        "insertions": 0,
        "deletions": 0,
        "date": "2019-02-14",
        "commitResults": []
      },
      {
        "insertions": 0,
        "deletions": 0,
        "date": "2019-02-15",
        "commitResults": []
      },
      {
        "insertions": 0,
        "deletions": 0,
        "date": "2019-02-16",
        "commitResults": []
      },
      {
        "insertions": 0,
        "deletions": 0,
        "date": "2019-02-17",
        "commitResults": []
      },
      {
        "insertions": 0,
        "deletions": 0,
        "date": "2019-02-18",
        "commitResults": []
      },
      {
        "insertions": 0,
        "deletions": 0,
        "date": "2019-02-19",
        "commitResults": []
      },
      {
        "insertions": 0,
        "deletions": 0,
        "date": "2019-02-20",
        "commitResults": []
      },
      {
        "insertions": 0,
        "deletions": 0,
        "date": "2019-02-21",
        "commitResults": []
      },
      {
        "insertions": 0,
        "deletions": 0,
        "date": "2019-02-22",
        "commitResults": []
      },
      {
        "insertions": 0,
        "deletions": 0,
        "date": "2019-02-23",
        "commitResults": []
      },
      {
        "insertions": 0,
        "deletions": 0,
        "date": "2019-02-24",
        "commitResults": []
      },
      {
        "insertions": 0,
        "deletions": 0,
        "date": "2019-02-25",
        "commitResults": []
      },
      {
        "insertions": 0,
        "deletions": 0,
        "date": "2019-02-26",
        "commitResults": []
      },
      {
        "insertions": 0,
        "deletions": 0,
        "date": "2019-02-27",
        "commitResults": []
      },
      {
        "insertions": 0,
        "deletions": 0,
        "date": "2019-02-28",
        "commitResults": []
      },
      {
        "insertions": 0,
        "deletions": 0,
        "date": "2019-03-01",
        "commitResults": []
      },
      {
        "insertions": 0,
        "deletions": 0,
        "date": "2019-03-02",
        "commitResults": []
      },
      {
        "insertions": 0,
        "deletions": 0,
        "date": "2019-03-03",
        "commitResults": []
      },
      {
        "insertions": 0,
        "deletions": 0,
        "date": "2019-03-04",
        "commitResults": []
      },
      {
        "insertions": 0,
        "deletions": 0,
        "date": "2019-03-05",
        "commitResults": []
      },
      {
        "insertions": 0,
        "deletions": 0,
        "date": "2019-03-06",
        "commitResults": []
      },
      {
        "insertions": 0,
        "deletions": 0,
        "date": "2019-03-07",
        "commitResults": []
      },
      {
        "insertions": 0,
        "deletions": 0,
        "date": "2019-03-08",
        "commitResults": []
      },
      {
        "insertions": 0,
        "deletions": 0,
        "date": "2019-03-09",
        "commitResults": []
      },
      {
        "insertions": 0,
        "deletions": 0,
        "date": "2019-03-10",
        "commitResults": []
      },
      {
        "insertions": 0,
        "deletions": 0,
        "date": "2019-03-11",
        "commitResults": []
      },
      {
        "insertions": 0,
        "deletions": 0,
        "date": "2019-03-12",
        "commitResults": []
      },
      {
        "insertions": 0,
        "deletions": 0,
        "date": "2019-03-13",
        "commitResults": []
      },
      {
        "insertions": 0,
        "deletions": 0,
        "date": "2019-03-14",
        "commitResults": []
      },
      {
        "insertions": 0,
        "deletions": 0,
        "date": "2019-03-15",
        "commitResults": []
      },
      {
        "insertions": 0,
        "deletions": 0,
        "date": "2019-03-16",
        "commitResults": []
      },
      {
        "insertions": 0,
        "deletions": 0,
        "date": "2019-03-17",
        "commitResults": []
      },
      {
        "insertions": 0,
        "deletions": 0,
        "date": "2019-03-18",
        "commitResults": []
      },
      {
        "insertions": 0,
        "deletions": 0,
        "date": "2019-03-19",
        "commitResults": []
      },
      {
        "insertions": 426,
        "deletions": 59,
        "date": "2019-03-20",
        "commitResults": [
          {
            "hash": "8c87ead0fe2e8e5cd4c467d9101aebddb28a81b6",
            "message": "Add files via upload",
            "insertions": 135,
            "deletions": 0
          },
          {
            "hash": "40f0bf7b031b97c63e504761a0ddf2e95f5fa933",
            "message": "Update UserGuide.adoc",
            "insertions": 291,
            "deletions": 59
          }
        ]
      },
      {
        "insertions": 0,
        "deletions": 0,
        "date": "2019-03-21",
        "commitResults": []
      },
      {
        "insertions": 0,
        "deletions": 0,
        "date": "2019-03-22",
        "commitResults": []
      },
      {
        "insertions": 0,
        "deletions": 0,
        "date": "2019-03-23",
        "commitResults": []
      },
      {
        "insertions": 0,
        "deletions": 0,
        "date": "2019-03-24",
        "commitResults": []
      },
      {
        "insertions": 0,
        "deletions": 0,
        "date": "2019-03-25",
        "commitResults": []
      },
      {
        "insertions": 0,
        "deletions": 0,
        "date": "2019-03-26",
        "commitResults": []
      },
      {
        "insertions": 0,
        "deletions": 0,
        "date": "2019-03-27",
        "commitResults": []
      },
      {
        "insertions": 0,
        "deletions": 0,
        "date": "2019-03-28",
        "commitResults": []
      },
      {
        "insertions": 0,
        "deletions": 0,
        "date": "2019-03-29",
        "commitResults": []
      },
      {
        "insertions": 0,
        "deletions": 0,
        "date": "2019-03-30",
        "commitResults": []
      },
      {
        "insertions": 0,
        "deletions": 0,
        "date": "2019-03-31",
        "commitResults": []
      },
      {
        "insertions": 0,
        "deletions": 0,
        "date": "2019-04-01",
        "commitResults": []
      },
      {
        "insertions": 0,
        "deletions": 0,
        "date": "2019-04-02",
        "commitResults": []
      },
      {
        "insertions": 0,
        "deletions": 0,
        "date": "2019-04-03",
        "commitResults": []
      },
      {
        "insertions": 0,
        "deletions": 0,
        "date": "2019-04-04",
        "commitResults": []
      },
      {
        "insertions": 0,
        "deletions": 0,
        "date": "2019-04-05",
        "commitResults": []
      },
      {
        "insertions": 0,
        "deletions": 0,
        "date": "2019-04-06",
        "commitResults": []
      },
      {
        "insertions": 0,
        "deletions": 0,
        "date": "2019-04-07",
        "commitResults": []
      },
      {
        "insertions": 0,
        "deletions": 0,
        "date": "2019-04-08",
        "commitResults": []
      },
      {
        "insertions": 0,
        "deletions": 0,
        "date": "2019-04-09",
        "commitResults": []
      },
      {
        "insertions": 0,
        "deletions": 0,
        "date": "2019-04-10",
        "commitResults": []
      },
      {
        "insertions": 0,
        "deletions": 0,
        "date": "2019-04-11",
        "commitResults": []
      },
      {
        "insertions": 0,
        "deletions": 0,
        "date": "2019-04-12",
        "commitResults": []
      },
      {
        "insertions": 0,
        "deletions": 0,
        "date": "2019-04-13",
        "commitResults": []
      }
    ],
    "weizhonglauw": [
      {
        "insertions": 0,
        "deletions": 0,
        "date": "2019-02-10",
        "commitResults": []
      },
      {
        "insertions": 0,
        "deletions": 0,
        "date": "2019-02-11",
        "commitResults": []
      },
      {
        "insertions": 0,
        "deletions": 0,
        "date": "2019-02-12",
        "commitResults": []
      },
      {
        "insertions": 0,
        "deletions": 0,
        "date": "2019-02-13",
        "commitResults": []
      },
      {
        "insertions": 0,
        "deletions": 0,
        "date": "2019-02-14",
        "commitResults": []
      },
      {
        "insertions": 0,
        "deletions": 0,
        "date": "2019-02-15",
        "commitResults": []
      },
      {
        "insertions": 0,
        "deletions": 0,
        "date": "2019-02-16",
        "commitResults": []
      },
      {
        "insertions": 0,
        "deletions": 0,
        "date": "2019-02-17",
        "commitResults": []
      },
      {
        "insertions": 0,
        "deletions": 0,
        "date": "2019-02-18",
        "commitResults": []
      },
      {
        "insertions": 0,
        "deletions": 0,
        "date": "2019-02-19",
        "commitResults": []
      },
      {
        "insertions": 0,
        "deletions": 0,
        "date": "2019-02-20",
        "commitResults": []
      },
      {
        "insertions": 0,
        "deletions": 0,
        "date": "2019-02-21",
        "commitResults": []
      },
      {
        "insertions": 0,
        "deletions": 0,
        "date": "2019-02-22",
        "commitResults": []
      },
      {
        "insertions": 0,
        "deletions": 0,
        "date": "2019-02-23",
        "commitResults": []
      },
      {
        "insertions": 0,
        "deletions": 0,
        "date": "2019-02-24",
        "commitResults": []
      },
      {
        "insertions": 0,
        "deletions": 0,
        "date": "2019-02-25",
        "commitResults": []
      },
      {
        "insertions": 0,
        "deletions": 0,
        "date": "2019-02-26",
        "commitResults": []
      },
      {
        "insertions": 0,
        "deletions": 0,
        "date": "2019-02-27",
        "commitResults": []
      },
      {
        "insertions": 0,
        "deletions": 0,
        "date": "2019-02-28",
        "commitResults": []
      },
      {
        "insertions": 0,
        "deletions": 0,
        "date": "2019-03-01",
        "commitResults": []
      },
      {
        "insertions": 0,
        "deletions": 0,
        "date": "2019-03-02",
        "commitResults": []
      },
      {
        "insertions": 0,
        "deletions": 0,
        "date": "2019-03-03",
        "commitResults": []
      },
      {
        "insertions": 0,
        "deletions": 0,
        "date": "2019-03-04",
        "commitResults": []
      },
      {
        "insertions": 0,
        "deletions": 0,
        "date": "2019-03-05",
        "commitResults": []
      },
      {
        "insertions": 0,
        "deletions": 0,
        "date": "2019-03-06",
        "commitResults": []
      },
      {
        "insertions": 0,
        "deletions": 0,
        "date": "2019-03-07",
        "commitResults": []
      },
      {
        "insertions": 0,
        "deletions": 0,
        "date": "2019-03-08",
        "commitResults": []
      },
      {
        "insertions": 0,
        "deletions": 0,
        "date": "2019-03-09",
        "commitResults": []
      },
      {
        "insertions": 0,
        "deletions": 0,
        "date": "2019-03-10",
        "commitResults": []
      },
      {
        "insertions": 0,
        "deletions": 0,
        "date": "2019-03-11",
        "commitResults": []
      },
      {
        "insertions": 0,
        "deletions": 0,
        "date": "2019-03-12",
        "commitResults": []
      },
      {
        "insertions": 0,
        "deletions": 0,
        "date": "2019-03-13",
        "commitResults": []
      },
      {
        "insertions": 0,
        "deletions": 0,
        "date": "2019-03-14",
        "commitResults": []
      },
      {
        "insertions": 0,
        "deletions": 0,
        "date": "2019-03-15",
        "commitResults": []
      },
      {
        "insertions": 0,
        "deletions": 0,
        "date": "2019-03-16",
        "commitResults": []
      },
      {
        "insertions": 0,
        "deletions": 0,
        "date": "2019-03-17",
        "commitResults": []
      },
      {
        "insertions": 38,
        "deletions": 0,
        "date": "2019-03-18",
        "commitResults": [
          {
            "hash": "0db44ad3ac2cb588b4402a2d1326bba4df846032",
            "message": "Update DeveloperGuide.adoc",
            "insertions": 38,
            "deletions": 0
          }
        ]
      },
      {
        "insertions": 0,
        "deletions": 0,
        "date": "2019-03-19",
        "commitResults": []
      },
      {
        "insertions": 0,
        "deletions": 0,
        "date": "2019-03-20",
        "commitResults": []
      },
      {
        "insertions": 0,
        "deletions": 0,
        "date": "2019-03-21",
        "commitResults": []
      },
      {
        "insertions": 0,
        "deletions": 0,
        "date": "2019-03-22",
        "commitResults": []
      },
      {
        "insertions": 1695,
        "deletions": 47,
        "date": "2019-03-23",
        "commitResults": [
          {
            "hash": "60da356a0eca503d304e1d9df26b9774d1fadd19",
            "message": "Added \"ExpenditureList\" commit",
            "insertions": 1695,
            "deletions": 47
          }
        ]
      },
      {
        "insertions": 6,
        "deletions": 630,
        "date": "2019-03-24",
        "commitResults": [
          {
            "hash": "3464e39984a95f7122e9fd9f07c60567a36f469d",
            "message": "Revert \"pull from main page to update local repo\"",
            "insertions": 6,
            "deletions": 630
          }
        ]
      },
      {
        "insertions": 1328,
        "deletions": 695,
        "date": "2019-03-25",
        "commitResults": [
          {
            "hash": "a2d4fcda0531462c69d706926d08ae0d2616b333",
            "message": "Added a one liner preface to each features in the user guide",
            "insertions": 8,
            "deletions": 1
          },
          {
            "hash": "c1173987b558c168165984c56687ec12dd76404d",
            "message": "Revert \"Revert \"pull from main page to update local repo\"\"",
            "insertions": 630,
            "deletions": 6
          },
          {
            "hash": "0134ffb1ca18b46d473309d7aa41bb6a19f1835c",
            "message": "- Edited implementation of ExpenditureList feature in developer guide - Worked on some formatting issues on use cases in developer guide",
            "insertions": 15,
            "deletions": 16
          },
          {
            "hash": "db1bbd5dbd8634e8c65df8c5abc4f8e0215729b0",
            "message": "Revert \"Revert \"Revert \"pull from main page to update local repo\"\"\"",
            "insertions": 6,
            "deletions": 630
          },
          {
            "hash": "6c76e078fb2c6c273161121e4b7e4eada7d299a5",
            "message": "- Modified app\u0027s description in README.adoc - Updated UI with newer version",
            "insertions": 12,
            "deletions": 10
          },
          {
            "hash": "24618db32e6b177cc15c094e5dc08143bc3b9ed6",
            "message": "- Edited format error",
            "insertions": 1,
            "deletions": 1
          },
          {
            "hash": "bc15e21e9f73bfe9422253e59d5e3cc6278b5675",
            "message": "Revert \"Modified README.adoc\"",
            "insertions": 640,
            "deletions": 18
          },
          {
            "hash": "c01e096464e799bef168778b3c6a51d8b01a24c0",
            "message": "- Modified app\u0027s description in README.adoc - Updated UI",
            "insertions": 13,
            "deletions": 10
          },
          {
            "hash": "2cb5b28e11172a8f307a1324f71ff7fbb04bcb7b",
            "message": "- Solved some format issues",
            "insertions": 3,
            "deletions": 3
          }
        ]
      },
      {
        "insertions": 180,
        "deletions": 42,
        "date": "2019-03-26",
        "commitResults": [
          {
            "hash": "b721620ac434fba5fd90f4b52810e29f13e183e6",
            "message": "Modified logic manager - added purchases can now be seen in the expenditure list section",
            "insertions": 13,
            "deletions": 3
          },
          {
            "hash": "8ef53c8234f41ab729de94b130b3e248d35685c7",
            "message": "Changed some format in userguide - daily task, expenditure list etc. are now under \"features\"",
            "insertions": 138,
            "deletions": 36
          },
          {
            "hash": "fae5cc1c04d7c6bd2e62db53eaf05b61ad339735",
            "message": "added ClearExpListCommand (able to work)",
            "insertions": 26,
            "deletions": 1
          },
          {
            "hash": "7c4ae03ca574581002209b83223d488b99da1c25",
            "message": "edited userguide under \"clearing expenditure list\"",
            "insertions": 3,
            "deletions": 2
          }
        ]
      },
      {
        "insertions": 0,
        "deletions": 0,
        "date": "2019-03-27",
        "commitResults": []
      },
      {
        "insertions": 0,
        "deletions": 0,
        "date": "2019-03-28",
        "commitResults": []
      },
      {
        "insertions": 0,
        "deletions": 0,
        "date": "2019-03-29",
        "commitResults": []
      },
      {
        "insertions": 0,
        "deletions": 0,
        "date": "2019-03-30",
        "commitResults": []
      },
      {
        "insertions": 0,
        "deletions": 0,
        "date": "2019-03-31",
        "commitResults": []
      },
      {
        "insertions": 14,
        "deletions": 9,
        "date": "2019-04-01",
        "commitResults": [
          {
            "hash": "fec2483082ae8628af85cef47b7b207706e714a1",
            "message": "clean up for some comments",
            "insertions": 4,
            "deletions": 5
          },
          {
            "hash": "9ba3d3a59bb79b36d160d3b0d097a925ac8e89bf",
            "message": "added \"$\" in message upon adding purchase",
            "insertions": 1,
            "deletions": 1
          },
          {
            "hash": "f4e345d1f38c4d4c8704f9999b8d4c91eb62a580",
            "message": "-updated studenthandbookUI for readme.adoc -included $ signs on expenditure list shown to user",
            "insertions": 7,
            "deletions": 1
          },
          {
            "hash": "4b4510da0825f7e28dbbd023e073632a56599c9c",
            "message": "updated screenshot in userguide",
            "insertions": 1,
            "deletions": 1
          },
          {
            "hash": "54d78ea81278642da5692a7f46be53d404c130a9",
            "message": "updated UI class diagram for developer guide",
            "insertions": 1,
            "deletions": 1
          }
        ]
      },
      {
        "insertions": 132,
        "deletions": 128,
        "date": "2019-04-02",
        "commitResults": [
          {
            "hash": "cca4712d80490e912f78b1d4932cca588a06f1c8",
            "message": "trying to solve missing link on GUI in user guide",
            "insertions": 2,
            "deletions": 2
          },
          {
            "hash": "e9dce300b13b75eb01f0c9b8668958f5d7f50a4c",
            "message": "updated startup GUI in userguide",
            "insertions": 1,
            "deletions": 1
          },
          {
            "hash": "a7a39eec540f481c8f1f7b354fc649ad24ddead5",
            "message": "changed name of addressbook in UI and some messages",
            "insertions": 5,
            "deletions": 5
          },
          {
            "hash": "8194c5a0aba61e60e8b04253acf1cc3d7c32bfc9",
            "message": "updated user guide for peer test",
            "insertions": 124,
            "deletions": 120
          }
        ]
      },
      {
        "insertions": 47,
        "deletions": 46,
        "date": "2019-04-03",
        "commitResults": [
          {
            "hash": "e5f2f8ae3914258b17c1a2b554e77ae08758196e",
            "message": "updated README.adoc",
            "insertions": 3,
            "deletions": 3
          },
          {
            "hash": "b1e1b0d4b5dddbc6f42558b6ad8dc75604510aff",
            "message": "updated developer guide",
            "insertions": 36,
            "deletions": 35
          },
          {
            "hash": "a5866828e195af8a647c35ae1be0acef34a6330d",
            "message": "updated example on addpurchase command",
            "insertions": 1,
            "deletions": 1
          },
          {
            "hash": "1d525a2343adb73d53755d4c0c374c7eb022ff91",
            "message": "updated error message for addpurchase command",
            "insertions": 3,
            "deletions": 3
          },
          {
            "hash": "cd44f3d4b76633032db750c2d41578f82f7247cb",
            "message": "updated mainwindow title updated screenshots for readme.adoc and userguide",
            "insertions": 4,
            "deletions": 4
          }
        ]
      },
      {
        "insertions": 11,
        "deletions": 0,
        "date": "2019-04-04",
        "commitResults": [
          {
            "hash": "8350daf3e02deaa72feb8370eb64659471a5250c",
            "message": "added dummy data",
            "insertions": 11,
            "deletions": 0
          }
        ]
      },
      {
        "insertions": 0,
        "deletions": 0,
        "date": "2019-04-05",
        "commitResults": []
      },
      {
        "insertions": 0,
        "deletions": 0,
        "date": "2019-04-06",
        "commitResults": []
      },
      {
        "insertions": 58,
        "deletions": 16,
        "date": "2019-04-07",
        "commitResults": [
          {
            "hash": "44b4ff543a5906ab496f34748e5d1bfae9239f50",
            "message": "added dummy data",
            "insertions": 22,
            "deletions": 1
          },
          {
            "hash": "2e0e8979c0031391e43d64b6cecb92748baf427b",
            "message": "added dummy data",
            "insertions": 23,
            "deletions": 3
          },
          {
            "hash": "a572a3251c104c61ba8c8fa236829623af694874",
            "message": "indentations",
            "insertions": 6,
            "deletions": 6
          },
          {
            "hash": "52bc83ad74df369ad083b19ad9a45067cf3bfbd0",
            "message": "indentations",
            "insertions": 7,
            "deletions": 6
          }
        ]
      },
      {
        "insertions": 160,
        "deletions": 156,
        "date": "2019-04-08",
        "commitResults": [
          {
            "hash": "9ea7424854a1978a3ea00cf9cc75813e8b29e43d",
            "message": "indentations",
            "insertions": 1,
            "deletions": 1
          },
          {
            "hash": "091d7d16da3df40c44aff63e1880faafba2ae6bb",
            "message": "temporarily changed contact list to habit tracker on UI swapped positions of lists",
            "insertions": 10,
            "deletions": 9
          },
          {
            "hash": "98d6c043702393722f2ba5138b3edf64f2ef956f",
            "message": "changed size of list pane",
            "insertions": 5,
            "deletions": 49
          },
          {
            "hash": "1456d7da38f4e557f1949f265b887c88a90aa4c1",
            "message": "updated AboutUs.adoc",
            "insertions": 11,
            "deletions": 11
          },
          {
            "hash": "24117f9f888812b5f664692ca72443fe7b0e9b8e",
            "message": "shows contact list again in ui",
            "insertions": 1,
            "deletions": 1
          },
          {
            "hash": "6bf2f6651b657c845de8e1fdf30168210c864322",
            "message": "json files",
            "insertions": 25,
            "deletions": 1
          },
          {
            "hash": "d42faac69ee0ad20b0d5f8d25e06f17e106f87cd",
            "message": "json files",
            "insertions": 21,
            "deletions": 1
          },
          {
            "hash": "d9557be53cb05233793a8d3b912bf91a0bfdd0de",
            "message": "json files",
            "insertions": 1,
            "deletions": 1
          },
          {
            "hash": "234e9091a1b284f4e4068cb68b969d201fea2567",
            "message": "indentations for travis",
            "insertions": 1,
            "deletions": 1
          },
          {
            "hash": "ce2bb313b2dd6271fdc3afdc252600a6f582e19b",
            "message": "indentations for travis",
            "insertions": 40,
            "deletions": 27
          },
          {
            "hash": "7bc545e45e8be59c8dc66fe50e141993f3219961",
            "message": "indentations for travis",
            "insertions": 39,
            "deletions": 49
          },
          {
            "hash": "53dbb96f159f453ff8ff062c0b1704eb05e77aab",
            "message": "updated user guide on addpurchase prefixes",
            "insertions": 5,
            "deletions": 5
          }
        ]
      },
      {
        "insertions": 6,
        "deletions": 6,
        "date": "2019-04-09",
        "commitResults": [
          {
            "hash": "65417f63b21d689cfc89c446fb25c7b3eb8b92f8",
            "message": "updated images name and affected adocs",
            "insertions": 6,
            "deletions": 6
          }
        ]
      },
      {
        "insertions": 140,
        "deletions": 163,
        "date": "2019-04-10",
        "commitResults": [
          {
            "hash": "66946b15e063c21699ddb00f4ce3351ac390cf54",
            "message": "redirected certain links and modified some class names",
            "insertions": 14,
            "deletions": 37
          },
          {
            "hash": "bd955bb518fe01a48b9779448ca6d11261d2de40",
            "message": "modified illustration on better oop diagram in `model`",
            "insertions": 2,
            "deletions": 2
          },
          {
            "hash": "004c86256c0ecb83ae28a21f68730a7d301ed9ec",
            "message": "renaming to _LIFE_",
            "insertions": 1,
            "deletions": 1
          },
          {
            "hash": "745182f1d774bf004f8429a7836b7e2045bd0a6d",
            "message": "Updated Ui class diagram in DG",
            "insertions": 1,
            "deletions": 1
          },
          {
            "hash": "e629097f901f3835d1f13ffddc186acc75ce527a",
            "message": "Refactored AddressBookParser Refactored VersionedAddressBook",
            "insertions": 120,
            "deletions": 120
          },
          {
            "hash": "f350940744cdec6f82e0582b20da0063a0c74e39",
            "message": "modified message upon clearing contact list",
            "insertions": 1,
            "deletions": 1
          },
          {
            "hash": "2c39f00f6f15f8b7f9c103a89294e6d3b237d4c1",
            "message": "travis indentation",
            "insertions": 1,
            "deletions": 1
          }
        ]
      },
      {
        "insertions": 883,
        "deletions": 883,
        "date": "2019-04-11",
        "commitResults": [
          {
            "hash": "fda007a0b441dfa1fb10428d7edfdbca31e24a99",
            "message": "refactor addressbook",
            "insertions": 366,
            "deletions": 365
          },
          {
            "hash": "6f5b1f81788aaf89704082e37ff025b0ae1941db",
            "message": "refactor addressbook",
            "insertions": 344,
            "deletions": 345
          },
          {
            "hash": "05ba7bd795c4856a789e1f230728fd587105b462",
            "message": "travis",
            "insertions": 1,
            "deletions": 1
          },
          {
            "hash": "4b817a61d67a6fa203d52b157bd55c4d82124216",
            "message": "refactored for travis",
            "insertions": 17,
            "deletions": 17
          },
          {
            "hash": "9f9f386fcf8cb7e6303e0f21335744b287b213ea",
            "message": "refactored for travis",
            "insertions": 9,
            "deletions": 9
          },
          {
            "hash": "0fc0cbd79bb884d6b3ed0ecc758fef6d854f3879",
            "message": "refactored addressbook",
            "insertions": 120,
            "deletions": 120
          },
          {
            "hash": "09db7e89d6b9fd87c44fd3d09ff527cb1ae52189",
            "message": "refactored for travis",
            "insertions": 2,
            "deletions": 2
          },
          {
            "hash": "f969bca3707ad9bab768e7871ae43338e40d8f9a",
            "message": "refactored for travis",
            "insertions": 3,
            "deletions": 3
          },
          {
            "hash": "63da2f70d61579bfefae74f24195368cff7c993d",
            "message": "refactored for travis",
            "insertions": 1,
            "deletions": 1
          },
          {
            "hash": "a0e6e30952bfaa0048ae9a70e16c143bdb30e6ea",
            "message": "modified diagrams related to undo redo functions",
            "insertions": 20,
            "deletions": 20
          }
        ]
      },
      {
        "insertions": 0,
        "deletions": 0,
        "date": "2019-04-12",
        "commitResults": []
      },
      {
        "insertions": 0,
        "deletions": 0,
        "date": "2019-04-13",
        "commitResults": []
      }
    ],
    "jayrometan": [
      {
        "insertions": 0,
        "deletions": 0,
        "date": "2019-02-10",
        "commitResults": []
      },
      {
        "insertions": 0,
        "deletions": 0,
        "date": "2019-02-11",
        "commitResults": []
      },
      {
        "insertions": 0,
        "deletions": 0,
        "date": "2019-02-12",
        "commitResults": []
      },
      {
        "insertions": 0,
        "deletions": 0,
        "date": "2019-02-13",
        "commitResults": []
      },
      {
        "insertions": 0,
        "deletions": 0,
        "date": "2019-02-14",
        "commitResults": []
      },
      {
        "insertions": 0,
        "deletions": 0,
        "date": "2019-02-15",
        "commitResults": []
      },
      {
        "insertions": 0,
        "deletions": 0,
        "date": "2019-02-16",
        "commitResults": []
      },
      {
        "insertions": 0,
        "deletions": 0,
        "date": "2019-02-17",
        "commitResults": []
      },
      {
        "insertions": 0,
        "deletions": 0,
        "date": "2019-02-18",
        "commitResults": []
      },
      {
        "insertions": 0,
        "deletions": 0,
        "date": "2019-02-19",
        "commitResults": []
      },
      {
        "insertions": 0,
        "deletions": 0,
        "date": "2019-02-20",
        "commitResults": []
      },
      {
        "insertions": 0,
        "deletions": 0,
        "date": "2019-02-21",
        "commitResults": []
      },
      {
        "insertions": 0,
        "deletions": 0,
        "date": "2019-02-22",
        "commitResults": []
      },
      {
        "insertions": 0,
        "deletions": 0,
        "date": "2019-02-23",
        "commitResults": []
      },
      {
        "insertions": 0,
        "deletions": 0,
        "date": "2019-02-24",
        "commitResults": []
      },
      {
        "insertions": 0,
        "deletions": 0,
        "date": "2019-02-25",
        "commitResults": []
      },
      {
        "insertions": 0,
        "deletions": 0,
        "date": "2019-02-26",
        "commitResults": []
      },
      {
        "insertions": 0,
        "deletions": 0,
        "date": "2019-02-27",
        "commitResults": []
      },
      {
        "insertions": 0,
        "deletions": 0,
        "date": "2019-02-28",
        "commitResults": []
      },
      {
        "insertions": 0,
        "deletions": 0,
        "date": "2019-03-01",
        "commitResults": []
      },
      {
        "insertions": 0,
        "deletions": 0,
        "date": "2019-03-02",
        "commitResults": []
      },
      {
        "insertions": 0,
        "deletions": 0,
        "date": "2019-03-03",
        "commitResults": []
      },
      {
        "insertions": 0,
        "deletions": 0,
        "date": "2019-03-04",
        "commitResults": []
      },
      {
        "insertions": 0,
        "deletions": 0,
        "date": "2019-03-05",
        "commitResults": []
      },
      {
        "insertions": 0,
        "deletions": 0,
        "date": "2019-03-06",
        "commitResults": []
      },
      {
        "insertions": 0,
        "deletions": 0,
        "date": "2019-03-07",
        "commitResults": []
      },
      {
        "insertions": 0,
        "deletions": 0,
        "date": "2019-03-08",
        "commitResults": []
      },
      {
        "insertions": 0,
        "deletions": 0,
        "date": "2019-03-09",
        "commitResults": []
      },
      {
        "insertions": 0,
        "deletions": 0,
        "date": "2019-03-10",
        "commitResults": []
      },
      {
        "insertions": 0,
        "deletions": 0,
        "date": "2019-03-11",
        "commitResults": []
      },
      {
        "insertions": 0,
        "deletions": 0,
        "date": "2019-03-12",
        "commitResults": []
      },
      {
        "insertions": 0,
        "deletions": 0,
        "date": "2019-03-13",
        "commitResults": []
      },
      {
        "insertions": 0,
        "deletions": 0,
        "date": "2019-03-14",
        "commitResults": []
      },
      {
        "insertions": 0,
        "deletions": 0,
        "date": "2019-03-15",
        "commitResults": []
      },
      {
        "insertions": 0,
        "deletions": 0,
        "date": "2019-03-16",
        "commitResults": []
      },
      {
        "insertions": 0,
        "deletions": 0,
        "date": "2019-03-17",
        "commitResults": []
      },
      {
        "insertions": 415,
        "deletions": 293,
        "date": "2019-03-18",
        "commitResults": [
          {
            "hash": "07245e33d0388800e25719d2f72b1bc04ed2e6f9",
            "message": "Added AddTask Command Updated Developer Guide Updated User Guide",
            "insertions": 211,
            "deletions": 237
          },
          {
            "hash": "86d17cacd7f591bfad32bf43d27a9d1802ffad05",
            "message": "Updated AboutUs.adoc ContactUs.adoc DeveloperGuide.adoc",
            "insertions": 204,
            "deletions": 56
          }
        ]
      },
      {
        "insertions": 625,
        "deletions": 2,
        "date": "2019-03-19",
        "commitResults": [
          {
            "hash": "2c5461ae3aa0c53e212fd277f508ee31557bf235",
            "message": "Updated AboutUs.adoc ContactUs.adoc DeveloperGuide.adoc",
            "insertions": 623,
            "deletions": 0
          },
          {
            "hash": "09f6ae5a5871cd07b7203bd041fd6916a0473bd2",
            "message": "Test",
            "insertions": 1,
            "deletions": 1
          },
          {
            "hash": "95d86c6d98671dd2857b4f6eb5b9f290c874672e",
            "message": "Test",
            "insertions": 1,
            "deletions": 1
          }
        ]
      },
      {
        "insertions": 0,
        "deletions": 0,
        "date": "2019-03-20",
        "commitResults": []
      },
      {
        "insertions": 244,
        "deletions": 26,
        "date": "2019-03-21",
        "commitResults": [
          {
            "hash": "592fa84a803d1e4d39ebe09415caf2685ef61b07",
            "message": "Created the relevant models for Task",
            "insertions": 244,
            "deletions": 26
          }
        ]
      },
      {
        "insertions": 511,
        "deletions": 76,
        "date": "2019-03-22",
        "commitResults": [
          {
            "hash": "aebd53e98bc2906b54d8f892ecfab806ea21a5ef",
            "message": "Created VBox UI for Task List. Added headings for the relevant VBoxes Connected the tasklist.json to the UI AddTaskCommand can be executed and displayed in the UI.",
            "insertions": 141,
            "deletions": 30
          },
          {
            "hash": "5bb31c8a8cc61a9fa0cae3186ff20f01d16dae19",
            "message": "Added Stubs to the test so that AddressBook can compile succesfully.",
            "insertions": 104,
            "deletions": 45
          },
          {
            "hash": "d7c1eda90965ed067db77c41cffc3633d1d34fb4",
            "message": "Committing some unversioned files that i did not commit previously",
            "insertions": 266,
            "deletions": 1
          }
        ]
      },
      {
        "insertions": 0,
        "deletions": 0,
        "date": "2019-03-23",
        "commitResults": []
      },
      {
        "insertions": 0,
        "deletions": 0,
        "date": "2019-03-24",
        "commitResults": []
      },
      {
        "insertions": 0,
        "deletions": 0,
        "date": "2019-03-25",
        "commitResults": []
      },
      {
        "insertions": 0,
        "deletions": 0,
        "date": "2019-03-26",
        "commitResults": []
      },
      {
        "insertions": 52,
        "deletions": 19,
        "date": "2019-03-27",
        "commitResults": [
          {
            "hash": "ece9a17607c6bd0791350bd1dc02a310cd285124",
            "message": "Added Verification of Duplication for AddTask Command",
            "insertions": 52,
            "deletions": 19
          }
        ]
      },
      {
        "insertions": 118,
        "deletions": 69,
        "date": "2019-03-28",
        "commitResults": [
          {
            "hash": "97a12efec3703367851074ce564e71630dbd2b27",
            "message": "Added validation of input date and time. If entered an invalid date with a format ddMMyy e.g. 241519 , this would cause an exception. The same goes for time.",
            "insertions": 90,
            "deletions": 48
          },
          {
            "hash": "23684a88157d64e0cdc749e8a92471889bd80a57",
            "message": "added display for the invalid dates and times with the error messages!",
            "insertions": 28,
            "deletions": 21
          }
        ]
      },
      {
        "insertions": 0,
        "deletions": 0,
        "date": "2019-03-29",
        "commitResults": []
      },
      {
        "insertions": 0,
        "deletions": 0,
        "date": "2019-03-30",
        "commitResults": []
      },
      {
        "insertions": 60,
        "deletions": 0,
        "date": "2019-03-31",
        "commitResults": [
          {
            "hash": "3bd7e4bc7dbdbe492cef80aaeeebdf1d6244396d",
            "message": "Adding the json files",
            "insertions": 60,
            "deletions": 0
          }
        ]
      },
      {
        "insertions": 733,
        "deletions": 136,
        "date": "2019-04-01",
        "commitResults": [
          {
            "hash": "06bb0fe9a37152124dbec5327f9378da3c5d3375",
            "message": "Uploading the Developer Guide for 010419 CS2101 lesson",
            "insertions": 229,
            "deletions": 59
          },
          {
            "hash": "1c00ceaf59385c298afefd856d094d69a27dcdb9",
            "message": "Some minor fixes",
            "insertions": 362,
            "deletions": 43
          },
          {
            "hash": "e2572c1fbe27ab8cc439cbd358511247e74c9c89",
            "message": "Implemented some missing methods Generated a JAR file.",
            "insertions": 142,
            "deletions": 34
          }
        ]
      },
      {
        "insertions": 0,
        "deletions": 0,
        "date": "2019-04-02",
        "commitResults": []
      },
      {
        "insertions": 19,
        "deletions": 23,
        "date": "2019-04-03",
        "commitResults": [
          {
            "hash": "8edb7682f4852e11ad38c2af37415a4ab35d548b",
            "message": "test",
            "insertions": 2,
            "deletions": 1
          },
          {
            "hash": "d5fcff23fb6d82945ae939bdea81c22bccf2f483",
            "message": "TRAVIS STUFF",
            "insertions": 11,
            "deletions": 15
          },
          {
            "hash": "13008b9aa50a3b7181cf518a8202e80d3e8140b6",
            "message": "test",
            "insertions": 2,
            "deletions": 5
          },
          {
            "hash": "a67efa5f348d5ca17562af31dc609fa70c005b9e",
            "message": "test",
            "insertions": 1,
            "deletions": 0
          },
          {
            "hash": "0c6d8c73a3cf6d0825edd6db50aa9e9141d4e26e",
            "message": "test",
            "insertions": 0,
            "deletions": 1
          },
          {
            "hash": "aab9e5f2addef6f9778b1aef9f2f6802f29beed7",
            "message": "test",
            "insertions": 3,
            "deletions": 1
          }
        ]
      },
      {
        "insertions": 0,
        "deletions": 0,
        "date": "2019-04-04",
        "commitResults": []
      },
      {
        "insertions": 0,
        "deletions": 0,
        "date": "2019-04-05",
        "commitResults": []
      },
      {
        "insertions": 973,
        "deletions": 828,
        "date": "2019-04-06",
        "commitResults": [
          {
            "hash": "606a890b68a7d8cd65fe58237ca3f3aaced2297c",
            "message": "travis checkstyle",
            "insertions": 468,
            "deletions": 528
          },
          {
            "hash": "7fb8223b6f7c026d0177db665b891c58096d0c4a",
            "message": "travis checkstyle",
            "insertions": 297,
            "deletions": 187
          },
          {
            "hash": "5fec4a4bc437fe383343f12c9ac26737f6a74036",
            "message": "travis checkstyle",
            "insertions": 34,
            "deletions": 15
          },
          {
            "hash": "8c8a6158b321e235a2a96b750e155822f3c17c31",
            "message": "travis checkstyle",
            "insertions": 1,
            "deletions": 1
          },
          {
            "hash": "84f678ba5e7029528a34af9003b66f68a410e4d5",
            "message": "travis checkstyle",
            "insertions": 88,
            "deletions": 66
          },
          {
            "hash": "d1e48101a564eca52a852b249bb8970ba8f48051",
            "message": "travis checkstyle",
            "insertions": 3,
            "deletions": 4
          },
          {
            "hash": "51f0514f67df69cde5f4cde769e0a9dd34a9fd87",
            "message": "Added sorttask command",
            "insertions": 82,
            "deletions": 27
          }
        ]
      },
      {
        "insertions": 369,
        "deletions": 64,
        "date": "2019-04-07",
        "commitResults": [
          {
            "hash": "72855c220936740acaedcd7a66ad0d124d766374",
            "message": "travis checkstyle",
            "insertions": 4,
            "deletions": 4
          },
          {
            "hash": "9911b048a1917c3a43e1dc21258321edeb9381e3",
            "message": "travis checkstyle",
            "insertions": 13,
            "deletions": 25
          },
          {
            "hash": "aeec553409f50f05a6a1fd8d162db35ff4bf721e",
            "message": "travis checkstyle",
            "insertions": 17,
            "deletions": 9
          },
          {
            "hash": "cfb536dadd1872291a441969c4111ed5d9460fa0",
            "message": "travis checkstyle",
            "insertions": 1,
            "deletions": 1
          },
          {
            "hash": "298795a7b56350ac8837c0cb410e68e55fcaf742",
            "message": "travis checkstyle",
            "insertions": 3,
            "deletions": 8
          },
          {
            "hash": "9762bfcc3ad5f80367cf08d76887804aefd921df",
            "message": "Added some classes of tickTask command",
            "insertions": 318,
            "deletions": 16
          },
          {
            "hash": "0d2215aad88e2d2c5870d9deefcc7390c185bdba",
            "message": "travis checkstyle",
            "insertions": 13,
            "deletions": 1
          }
        ]
      },
      {
        "insertions": 50,
        "deletions": 17,
        "date": "2019-04-08",
        "commitResults": [
          {
            "hash": "1510c25cbe4715a16329f10379da9b5987745d7b",
            "message": "Also, updated errors on my side assigned by WeiZhong by the mock PE trials. Added different error codes for different errors on DeadlineTime and DeadlineDate.",
            "insertions": 49,
            "deletions": 16
          },
          {
            "hash": "9464e5e7c15b3562c30ce92301774cbd0c9387b1",
            "message": "Adjusting for travis",
            "insertions": 1,
            "deletions": 1
          }
        ]
      },
      {
        "insertions": 300,
        "deletions": 120,
        "date": "2019-04-09",
        "commitResults": [
          {
            "hash": "be384f50e8fb6891462ddc4c404db0c49bf25991",
            "message": "Added the tick task command without the storing of data yet.",
            "insertions": 300,
            "deletions": 120
          }
        ]
      },
      {
        "insertions": 0,
        "deletions": 0,
        "date": "2019-04-10",
        "commitResults": []
      },
      {
        "insertions": 272,
        "deletions": 99,
        "date": "2019-04-11",
        "commitResults": [
          {
            "hash": "770148b0a38856b83ebc3014de3bab591e326c82",
            "message": "Edited some documentation for my part on the developer and user guide.",
            "insertions": 215,
            "deletions": 65
          },
          {
            "hash": "64a45ba9219d491f99e1ee4a09985a46f27963e3",
            "message": "Edited some documentation for my part on the developer and user guide.",
            "insertions": 1,
            "deletions": 1
          },
          {
            "hash": "64a6c4ead794a0e852453003385abe6102af7206",
            "message": "Added the diagrams for the developer guide",
            "insertions": 10,
            "deletions": 10
          },
          {
            "hash": "ad53806b1367020de927eeff24ff30db89dd3e82",
            "message": "Added one activity diagram for the developer guide",
            "insertions": 4,
            "deletions": 0
          },
          {
            "hash": "fa091d0948f0ca6df5fce012e7c2f0c39bf32f2c",
            "message": "Grammatical mistakes to the developer guide",
            "insertions": 29,
            "deletions": 10
          },
          {
            "hash": "412dceb8a7b6b56f34537ab733dac05d642d2c59",
            "message": "Checkstyle update for file SampleDataUtil",
            "insertions": 13,
            "deletions": 13
          }
        ]
      },
      {
        "insertions": 1015,
        "deletions": 6,
        "date": "2019-04-12",
        "commitResults": [
          {
            "hash": "d774f9f245cfe94054fc45943575844896f822b8",
            "message": "Added AddTaskCommandTest.java and DeleteTaskCommandTest.java",
            "insertions": 1015,
            "deletions": 6
          }
        ]
      },
      {
        "insertions": 393,
        "deletions": 35,
        "date": "2019-04-13",
        "commitResults": [
          {
            "hash": "18cf6dd78d9c7c0d717b7e31659bdbb0e38f7488",
            "message": "Added some test commands",
            "insertions": 360,
            "deletions": 3
          },
          {
            "hash": "1768f5aa526b9c9b255908341e11d5d9d64ac8ff",
            "message": "Modified some merge conflicts!",
            "insertions": 33,
            "deletions": 32
          }
        ]
      }
    ]
  },
  "authorFinalContributionMap": {
    "yongjia96": 898,
    "wongyuqi": 134,
    "weizhonglauw": 2573,
    "jayrometan": 4840
  },
  "authorContributionVariance": {
    "yongjia96": 7950.1973,
    "wongyuqi": 3674.4646,
    "weizhonglauw": 159966.14,
    "jayrometan": 96530.086
  },
  "authorDisplayNameMap": {
    "yongjia96": "PAN...JIA",
    "wongyuqi": "WON... QI",
    "weizhonglauw": "LAU...ONG",
    "jayrometan": "TAN...OME"
  }
}
