{
  "authorDailyContributionsMap": {
    "quinnzzzzz": [
      {
        "insertions": 0,
        "deletions": 0,
        "date": "2019-02-10",
        "commitResults": []
      },
      {
        "insertions": 0,
        "deletions": 0,
        "date": "2019-02-11",
        "commitResults": []
      },
      {
        "insertions": 0,
        "deletions": 0,
        "date": "2019-02-12",
        "commitResults": []
      },
      {
        "insertions": 0,
        "deletions": 0,
        "date": "2019-02-13",
        "commitResults": []
      },
      {
        "insertions": 0,
        "deletions": 0,
        "date": "2019-02-14",
        "commitResults": []
      },
      {
        "insertions": 0,
        "deletions": 0,
        "date": "2019-02-15",
        "commitResults": []
      },
      {
        "insertions": 0,
        "deletions": 0,
        "date": "2019-02-16",
        "commitResults": []
      },
      {
        "insertions": 0,
        "deletions": 0,
        "date": "2019-02-17",
        "commitResults": []
      },
      {
        "insertions": 0,
        "deletions": 0,
        "date": "2019-02-18",
        "commitResults": []
      },
      {
        "insertions": 0,
        "deletions": 0,
        "date": "2019-02-19",
        "commitResults": []
      },
      {
        "insertions": 0,
        "deletions": 0,
        "date": "2019-02-20",
        "commitResults": []
      },
      {
        "insertions": 1,
        "deletions": 1,
        "date": "2019-02-21",
        "commitResults": [
          {
            "hash": "b11b25cef3850a9bf6e2d92cee89441aef389433",
            "message": "Update AboutUs.adoc",
            "insertions": 1,
            "deletions": 1
          }
        ]
      },
      {
        "insertions": 0,
        "deletions": 0,
        "date": "2019-02-22",
        "commitResults": []
      },
      {
        "insertions": 0,
        "deletions": 0,
        "date": "2019-02-23",
        "commitResults": []
      },
      {
        "insertions": 0,
        "deletions": 0,
        "date": "2019-02-24",
        "commitResults": []
      },
      {
        "insertions": 0,
        "deletions": 0,
        "date": "2019-02-25",
        "commitResults": []
      },
      {
        "insertions": 0,
        "deletions": 0,
        "date": "2019-02-26",
        "commitResults": []
      },
      {
        "insertions": 0,
        "deletions": 0,
        "date": "2019-02-27",
        "commitResults": []
      },
      {
        "insertions": 0,
        "deletions": 0,
        "date": "2019-02-28",
        "commitResults": []
      },
      {
        "insertions": 0,
        "deletions": 0,
        "date": "2019-03-01",
        "commitResults": []
      },
      {
        "insertions": 0,
        "deletions": 0,
        "date": "2019-03-02",
        "commitResults": []
      },
      {
        "insertions": 0,
        "deletions": 0,
        "date": "2019-03-03",
        "commitResults": []
      },
      {
        "insertions": 0,
        "deletions": 0,
        "date": "2019-03-04",
        "commitResults": []
      },
      {
        "insertions": 0,
        "deletions": 0,
        "date": "2019-03-05",
        "commitResults": []
      },
      {
        "insertions": 0,
        "deletions": 0,
        "date": "2019-03-06",
        "commitResults": []
      },
      {
        "insertions": 0,
        "deletions": 0,
        "date": "2019-03-07",
        "commitResults": []
      },
      {
        "insertions": 0,
        "deletions": 0,
        "date": "2019-03-08",
        "commitResults": []
      },
      {
        "insertions": 0,
        "deletions": 0,
        "date": "2019-03-09",
        "commitResults": []
      },
      {
        "insertions": 0,
        "deletions": 0,
        "date": "2019-03-10",
        "commitResults": []
      },
      {
        "insertions": 0,
        "deletions": 0,
        "date": "2019-03-11",
        "commitResults": []
      },
      {
        "insertions": 0,
        "deletions": 0,
        "date": "2019-03-12",
        "commitResults": []
      },
      {
        "insertions": 0,
        "deletions": 0,
        "date": "2019-03-13",
        "commitResults": []
      },
      {
        "insertions": 0,
        "deletions": 0,
        "date": "2019-03-14",
        "commitResults": []
      },
      {
        "insertions": 0,
        "deletions": 0,
        "date": "2019-03-15",
        "commitResults": []
      },
      {
        "insertions": 0,
        "deletions": 0,
        "date": "2019-03-16",
        "commitResults": []
      },
      {
        "insertions": 0,
        "deletions": 0,
        "date": "2019-03-17",
        "commitResults": []
      },
      {
        "insertions": 0,
        "deletions": 0,
        "date": "2019-03-18",
        "commitResults": []
      },
      {
        "insertions": 0,
        "deletions": 0,
        "date": "2019-03-19",
        "commitResults": []
      },
      {
        "insertions": 0,
        "deletions": 0,
        "date": "2019-03-20",
        "commitResults": []
      },
      {
        "insertions": 0,
        "deletions": 0,
        "date": "2019-03-21",
        "commitResults": []
      },
      {
        "insertions": 0,
        "deletions": 0,
        "date": "2019-03-22",
        "commitResults": []
      },
      {
        "insertions": 0,
        "deletions": 0,
        "date": "2019-03-23",
        "commitResults": []
      },
      {
        "insertions": 0,
        "deletions": 0,
        "date": "2019-03-24",
        "commitResults": []
      },
      {
        "insertions": 0,
        "deletions": 0,
        "date": "2019-03-25",
        "commitResults": []
      },
      {
        "insertions": 0,
        "deletions": 0,
        "date": "2019-03-26",
        "commitResults": []
      },
      {
        "insertions": 0,
        "deletions": 0,
        "date": "2019-03-27",
        "commitResults": []
      },
      {
        "insertions": 0,
        "deletions": 0,
        "date": "2019-03-28",
        "commitResults": []
      },
      {
        "insertions": 0,
        "deletions": 0,
        "date": "2019-03-29",
        "commitResults": []
      },
      {
        "insertions": 0,
        "deletions": 0,
        "date": "2019-03-30",
        "commitResults": []
      },
      {
        "insertions": 0,
        "deletions": 0,
        "date": "2019-03-31",
        "commitResults": []
      },
      {
        "insertions": 0,
        "deletions": 0,
        "date": "2019-04-01",
        "commitResults": []
      },
      {
        "insertions": 0,
        "deletions": 0,
        "date": "2019-04-02",
        "commitResults": []
      },
      {
        "insertions": 0,
        "deletions": 0,
        "date": "2019-04-03",
        "commitResults": []
      },
      {
        "insertions": 0,
        "deletions": 0,
        "date": "2019-04-04",
        "commitResults": []
      },
      {
        "insertions": 0,
        "deletions": 0,
        "date": "2019-04-05",
        "commitResults": []
      },
      {
        "insertions": 0,
        "deletions": 0,
        "date": "2019-04-06",
        "commitResults": []
      },
      {
        "insertions": 0,
        "deletions": 0,
        "date": "2019-04-07",
        "commitResults": []
      },
      {
        "insertions": 0,
        "deletions": 0,
        "date": "2019-04-08",
        "commitResults": []
      },
      {
        "insertions": 0,
        "deletions": 0,
        "date": "2019-04-09",
        "commitResults": []
      }
    ],
    "articstranger": [
      {
        "insertions": 0,
        "deletions": 0,
        "date": "2019-02-10",
        "commitResults": []
      },
      {
        "insertions": 0,
        "deletions": 0,
        "date": "2019-02-11",
        "commitResults": []
      },
      {
        "insertions": 0,
        "deletions": 0,
        "date": "2019-02-12",
        "commitResults": []
      },
      {
        "insertions": 0,
        "deletions": 0,
        "date": "2019-02-13",
        "commitResults": []
      },
      {
        "insertions": 0,
        "deletions": 0,
        "date": "2019-02-14",
        "commitResults": []
      },
      {
        "insertions": 0,
        "deletions": 0,
        "date": "2019-02-15",
        "commitResults": []
      },
      {
        "insertions": 0,
        "deletions": 0,
        "date": "2019-02-16",
        "commitResults": []
      },
      {
        "insertions": 0,
        "deletions": 0,
        "date": "2019-02-17",
        "commitResults": []
      },
      {
        "insertions": 0,
        "deletions": 0,
        "date": "2019-02-18",
        "commitResults": []
      },
      {
        "insertions": 0,
        "deletions": 0,
        "date": "2019-02-19",
        "commitResults": []
      },
      {
        "insertions": 0,
        "deletions": 0,
        "date": "2019-02-20",
        "commitResults": []
      },
      {
        "insertions": 0,
        "deletions": 0,
        "date": "2019-02-21",
        "commitResults": []
      },
      {
        "insertions": 0,
        "deletions": 0,
        "date": "2019-02-22",
        "commitResults": []
      },
      {
        "insertions": 0,
        "deletions": 0,
        "date": "2019-02-23",
        "commitResults": []
      },
      {
        "insertions": 0,
        "deletions": 0,
        "date": "2019-02-24",
        "commitResults": []
      },
      {
        "insertions": 2,
        "deletions": 1,
        "date": "2019-02-25",
        "commitResults": [
          {
            "hash": "13c8d911f0562fad7edae9cc880604dac3fd2c06",
            "message": "updated project description",
            "insertions": 2,
            "deletions": 1
          }
        ]
      },
      {
        "insertions": 0,
        "deletions": 0,
        "date": "2019-02-26",
        "commitResults": []
      },
      {
        "insertions": 0,
        "deletions": 0,
        "date": "2019-02-27",
        "commitResults": []
      },
      {
        "insertions": 0,
        "deletions": 0,
        "date": "2019-02-28",
        "commitResults": []
      },
      {
        "insertions": 0,
        "deletions": 0,
        "date": "2019-03-01",
        "commitResults": []
      },
      {
        "insertions": 0,
        "deletions": 0,
        "date": "2019-03-02",
        "commitResults": []
      },
      {
        "insertions": 17,
        "deletions": 15,
        "date": "2019-03-03",
        "commitResults": [
          {
            "hash": "f60da110705b34fab636a6cc990a824e6304c4fe",
            "message": "README.adoc: updated the travis build link and image.",
            "insertions": 1,
            "deletions": 1
          },
          {
            "hash": "f945020582ec9058ae5269aa3f1a59f07605fd2a",
            "message": "README.adoc: commented out non-travis badges",
            "insertions": 3,
            "deletions": 3
          },
          {
            "hash": "7feee8fd4d5e82a656ff77e5cb9f59a8443ebbb6",
            "message": "README.adoc: updated description and acknowledgements",
            "insertions": 9,
            "deletions": 8
          },
          {
            "hash": "f8c306cdd11e11618871f8bd3e947ef1af731bf0",
            "message": "README.adoc: added linebreak and fixed bulletpoints",
            "insertions": 3,
            "deletions": 3
          },
          {
            "hash": "5b590e887f32ddd9b9420fb675697c16ebfb00a3",
            "message": "README.adoc: changed bulletpoints",
            "insertions": 1,
            "deletions": 0
          }
        ]
      },
      {
        "insertions": 53,
        "deletions": 17,
        "date": "2019-03-04",
        "commitResults": [
          {
            "hash": "dbd22f8b6173458f1511902942cdf70ab7aca3fc",
            "message": "CliSyntax:added new tags",
            "insertions": 3,
            "deletions": 0
          },
          {
            "hash": "9010b95744bfa9feb352b2085de2f6b71e245676",
            "message": "MapCommand: created class and messages (non-functional)",
            "insertions": 39,
            "deletions": 0
          },
          {
            "hash": "7896e7d4309c8f9e598066eac03de50d58a5c856",
            "message": "AddressBookParser: added case for MapCommand",
            "insertions": 4,
            "deletions": 13
          },
          {
            "hash": "05b55b3dc726a82750bcb510430ebcae6505c11c",
            "message": "MapCommand: fixed empty shell to not throw errors AddressBookParser: fixed calling of MapCommand to not throw errors",
            "insertions": 7,
            "deletions": 4
          }
        ]
      },
      {
        "insertions": 0,
        "deletions": 0,
        "date": "2019-03-05",
        "commitResults": []
      },
      {
        "insertions": 0,
        "deletions": 0,
        "date": "2019-03-06",
        "commitResults": []
      },
      {
        "insertions": 0,
        "deletions": 0,
        "date": "2019-03-07",
        "commitResults": []
      },
      {
        "insertions": 0,
        "deletions": 0,
        "date": "2019-03-08",
        "commitResults": []
      },
      {
        "insertions": 0,
        "deletions": 0,
        "date": "2019-03-09",
        "commitResults": []
      },
      {
        "insertions": 0,
        "deletions": 0,
        "date": "2019-03-10",
        "commitResults": []
      },
      {
        "insertions": 0,
        "deletions": 0,
        "date": "2019-03-11",
        "commitResults": []
      },
      {
        "insertions": 0,
        "deletions": 0,
        "date": "2019-03-12",
        "commitResults": []
      },
      {
        "insertions": 0,
        "deletions": 0,
        "date": "2019-03-13",
        "commitResults": []
      },
      {
        "insertions": 0,
        "deletions": 0,
        "date": "2019-03-14",
        "commitResults": []
      },
      {
        "insertions": 0,
        "deletions": 0,
        "date": "2019-03-15",
        "commitResults": []
      },
      {
        "insertions": 0,
        "deletions": 0,
        "date": "2019-03-16",
        "commitResults": []
      },
      {
        "insertions": 50,
        "deletions": 0,
        "date": "2019-03-17",
        "commitResults": [
          {
            "hash": "77a7014df8a36ad521c9653ac66e5f0c17e4ee75",
            "message": "added MapCommandParser and MapObject",
            "insertions": 50,
            "deletions": 0
          }
        ]
      },
      {
        "insertions": 122,
        "deletions": 29,
        "date": "2019-03-18",
        "commitResults": [
          {
            "hash": "319bc54b31473f85222f4c801c7f7fff9d9e13d3",
            "message": "MapCommand.java: updated usage description and added message success string",
            "insertions": 17,
            "deletions": 6
          },
          {
            "hash": "6263a15f9deeb4b77565b99a0d346a45a3bab77a",
            "message": "MapObject: shifted location from address/logic/parser/ to address/model/",
            "insertions": 23,
            "deletions": 4
          },
          {
            "hash": "ecd1f308b1f16190044bfc1503aa1030184578e5",
            "message": "MapCommand: set to throw exception",
            "insertions": 2,
            "deletions": 2
          },
          {
            "hash": "ef19babe6518b0088fba18922e251114ad5f875b",
            "message": "AddressBookParser: updated calling method for MapCommand MapCommandParser: added parseCriteria function",
            "insertions": 52,
            "deletions": 9
          },
          {
            "hash": "a4cdf4582994e806be015e43d3082612954600b5",
            "message": "model.java: removed extra curly brace",
            "insertions": 1,
            "deletions": 1
          },
          {
            "hash": "f08cea38be34020748298f0c79a7aa5781276253",
            "message": "UserGuide: changed map command description and usage",
            "insertions": 8,
            "deletions": 7
          },
          {
            "hash": "9e235e3d4ff9677ae7a0bc927d765675615f0eda",
            "message": "DeveloperGuide: added documentation about mapping",
            "insertions": 18,
            "deletions": 0
          },
          {
            "hash": "cd262c8b118619b7be578b15bfe29e792691be4f",
            "message": "DeveloperGuide: fixed ending tag of map section",
            "insertions": 1,
            "deletions": 0
          }
        ]
      },
      {
        "insertions": 0,
        "deletions": 0,
        "date": "2019-03-19",
        "commitResults": []
      },
      {
        "insertions": 0,
        "deletions": 0,
        "date": "2019-03-20",
        "commitResults": []
      },
      {
        "insertions": 0,
        "deletions": 0,
        "date": "2019-03-21",
        "commitResults": []
      },
      {
        "insertions": 0,
        "deletions": 0,
        "date": "2019-03-22",
        "commitResults": []
      },
      {
        "insertions": 0,
        "deletions": 0,
        "date": "2019-03-23",
        "commitResults": []
      },
      {
        "insertions": 0,
        "deletions": 0,
        "date": "2019-03-24",
        "commitResults": []
      },
      {
        "insertions": 130,
        "deletions": 14,
        "date": "2019-03-25",
        "commitResults": [
          {
            "hash": "ae140247db9e23bfb0cafe7d5f5986bd9c16ff8e",
            "message": "Messages.java: added mapping success message",
            "insertions": 1,
            "deletions": 1
          },
          {
            "hash": "64941a937cb835b9d6f0431f46460858fde698c4",
            "message": "MapCommand: updated with working functionality",
            "insertions": 6,
            "deletions": 7
          },
          {
            "hash": "f565924a38415e5579a2b8ff30828565a4106d97",
            "message": "MapObject: added functions to access private variables",
            "insertions": 18,
            "deletions": 1
          },
          {
            "hash": "99c3d6313457300d1049587768af78b367146735",
            "message": "Model and ModelManager: added helper functions for MapCommand",
            "insertions": 82,
            "deletions": 0
          },
          {
            "hash": "bab2b7408e739febe53098b8f56fcdd29e400d71",
            "message": "Volunteer.java: added a points field for mapping",
            "insertions": 2,
            "deletions": 1
          },
          {
            "hash": "b4c2ce26b691982e19d23455b2f137a34a120603",
            "message": "AddCommandTest: added overrides for MapCommand methods",
            "insertions": 21,
            "deletions": 4
          }
        ]
      },
      {
        "insertions": 295,
        "deletions": 140,
        "date": "2019-03-26",
        "commitResults": [
          {
            "hash": "fd99e40ad8475e143c4193e2d8d4ba4bed077c34",
            "message": "checkstyle formatting",
            "insertions": 183,
            "deletions": 106
          },
          {
            "hash": "d4e7f5f9f43e7adfe03498f41ed272b74fbd9c44",
            "message": "more checkstyle fixes",
            "insertions": 17,
            "deletions": 8
          },
          {
            "hash": "108d2b25b95844fbd6d322d12a906d68d06dbed0",
            "message": "updated map command with input checks",
            "insertions": 65,
            "deletions": 9
          },
          {
            "hash": "108c38d14f98349b2b979dfc54ee5627bb2540e2",
            "message": "extracted isValidInt method to ParserUtil",
            "insertions": 17,
            "deletions": 16
          },
          {
            "hash": "4e7ab47fa04b4efde831a36571e22b71b6932478",
            "message": "ModelManager: added sorting function(non functional)",
            "insertions": 13,
            "deletions": 1
          }
        ]
      },
      {
        "insertions": 0,
        "deletions": 0,
        "date": "2019-03-27",
        "commitResults": []
      },
      {
        "insertions": 0,
        "deletions": 0,
        "date": "2019-03-28",
        "commitResults": []
      },
      {
        "insertions": 0,
        "deletions": 0,
        "date": "2019-03-29",
        "commitResults": []
      },
      {
        "insertions": 38,
        "deletions": 42,
        "date": "2019-03-30",
        "commitResults": [
          {
            "hash": "1c2a7e180b236498496c8cd07469b70d15c81e42",
            "message": "SortCommandParser: deleted(obsolete)",
            "insertions": 0,
            "deletions": 9
          },
          {
            "hash": "41ff674c0f5f26e7c3054354b1b79f20d5d5a57f",
            "message": "SortCommand: fixed call to model/ModelManager AddressBookParser: changed to call SortCommand() directly Model and ModelManager: updated sortVolunteers method",
            "insertions": 38,
            "deletions": 33
          }
        ]
      },
      {
        "insertions": 0,
        "deletions": 0,
        "date": "2019-03-31",
        "commitResults": []
      },
      {
        "insertions": 0,
        "deletions": 0,
        "date": "2019-04-01",
        "commitResults": []
      },
      {
        "insertions": 4,
        "deletions": 4,
        "date": "2019-04-02",
        "commitResults": [
          {
            "hash": "5196010f8688bcda34b61e185c10f2f36793665c",
            "message": "UserGuide: updated map command",
            "insertions": 3,
            "deletions": 3
          },
          {
            "hash": "f70e941864f6697b49e9d2645b233420c4cc60a6",
            "message": "UserGuide: fixed some typos",
            "insertions": 1,
            "deletions": 1
          }
        ]
      },
      {
        "insertions": 36,
        "deletions": 39,
        "date": "2019-04-03",
        "commitResults": [
          {
            "hash": "ead1a5a3c4c940c744b823b8810389982fbe54ee",
            "message": "reworked sort command",
            "insertions": 36,
            "deletions": 39
          }
        ]
      },
      {
        "insertions": 47,
        "deletions": 12,
        "date": "2019-04-04",
        "commitResults": [
          {
            "hash": "d2b5bcd386b4049d3288bd825b2e90eb85bd6073",
            "message": "SortCommand fixed to work with UI checkstyle fixes",
            "insertions": 47,
            "deletions": 12
          }
        ]
      },
      {
        "insertions": 0,
        "deletions": 0,
        "date": "2019-04-05",
        "commitResults": []
      },
      {
        "insertions": 0,
        "deletions": 0,
        "date": "2019-04-06",
        "commitResults": []
      },
      {
        "insertions": 0,
        "deletions": 0,
        "date": "2019-04-07",
        "commitResults": []
      },
      {
        "insertions": 0,
        "deletions": 0,
        "date": "2019-04-08",
        "commitResults": []
      },
      {
        "insertions": 0,
        "deletions": 0,
        "date": "2019-04-09",
        "commitResults": []
      }
    ],
    "wongyuqi": [
      {
        "insertions": 0,
        "deletions": 0,
        "date": "2019-02-10",
        "commitResults": []
      },
      {
        "insertions": 0,
        "deletions": 0,
        "date": "2019-02-11",
        "commitResults": []
      },
      {
        "insertions": 0,
        "deletions": 0,
        "date": "2019-02-12",
        "commitResults": []
      },
      {
        "insertions": 0,
        "deletions": 0,
        "date": "2019-02-13",
        "commitResults": []
      },
      {
        "insertions": 0,
        "deletions": 0,
        "date": "2019-02-14",
        "commitResults": []
      },
      {
        "insertions": 0,
        "deletions": 0,
        "date": "2019-02-15",
        "commitResults": []
      },
      {
        "insertions": 0,
        "deletions": 0,
        "date": "2019-02-16",
        "commitResults": []
      },
      {
        "insertions": 0,
        "deletions": 0,
        "date": "2019-02-17",
        "commitResults": []
      },
      {
        "insertions": 0,
        "deletions": 0,
        "date": "2019-02-18",
        "commitResults": []
      },
      {
        "insertions": 0,
        "deletions": 0,
        "date": "2019-02-19",
        "commitResults": []
      },
      {
        "insertions": 0,
        "deletions": 0,
        "date": "2019-02-20",
        "commitResults": []
      },
      {
        "insertions": 0,
        "deletions": 0,
        "date": "2019-02-21",
        "commitResults": []
      },
      {
        "insertions": 0,
        "deletions": 0,
        "date": "2019-02-22",
        "commitResults": []
      },
      {
        "insertions": 0,
        "deletions": 0,
        "date": "2019-02-23",
        "commitResults": []
      },
      {
        "insertions": 0,
        "deletions": 0,
        "date": "2019-02-24",
        "commitResults": []
      },
      {
        "insertions": 0,
        "deletions": 0,
        "date": "2019-02-25",
        "commitResults": []
      },
      {
        "insertions": 0,
        "deletions": 0,
        "date": "2019-02-26",
        "commitResults": []
      },
      {
        "insertions": 0,
        "deletions": 0,
        "date": "2019-02-27",
        "commitResults": []
      },
      {
        "insertions": 0,
        "deletions": 0,
        "date": "2019-02-28",
        "commitResults": []
      },
      {
        "insertions": 0,
        "deletions": 0,
        "date": "2019-03-01",
        "commitResults": []
      },
      {
        "insertions": 0,
        "deletions": 0,
        "date": "2019-03-02",
        "commitResults": []
      },
      {
        "insertions": 0,
        "deletions": 0,
        "date": "2019-03-03",
        "commitResults": []
      },
      {
        "insertions": 0,
        "deletions": 0,
        "date": "2019-03-04",
        "commitResults": []
      },
      {
        "insertions": 0,
        "deletions": 0,
        "date": "2019-03-05",
        "commitResults": []
      },
      {
        "insertions": 0,
        "deletions": 0,
        "date": "2019-03-06",
        "commitResults": []
      },
      {
        "insertions": 0,
        "deletions": 0,
        "date": "2019-03-07",
        "commitResults": []
      },
      {
        "insertions": 0,
        "deletions": 0,
        "date": "2019-03-08",
        "commitResults": []
      },
      {
        "insertions": 0,
        "deletions": 0,
        "date": "2019-03-09",
        "commitResults": []
      },
      {
        "insertions": 0,
        "deletions": 0,
        "date": "2019-03-10",
        "commitResults": []
      },
      {
        "insertions": 0,
        "deletions": 0,
        "date": "2019-03-11",
        "commitResults": []
      },
      {
        "insertions": 0,
        "deletions": 0,
        "date": "2019-03-12",
        "commitResults": []
      },
      {
        "insertions": 0,
        "deletions": 0,
        "date": "2019-03-13",
        "commitResults": []
      },
      {
        "insertions": 0,
        "deletions": 0,
        "date": "2019-03-14",
        "commitResults": []
      },
      {
        "insertions": 0,
        "deletions": 0,
        "date": "2019-03-15",
        "commitResults": []
      },
      {
        "insertions": 0,
        "deletions": 0,
        "date": "2019-03-16",
        "commitResults": []
      },
      {
        "insertions": 0,
        "deletions": 0,
        "date": "2019-03-17",
        "commitResults": []
      },
      {
        "insertions": 0,
        "deletions": 0,
        "date": "2019-03-18",
        "commitResults": []
      },
      {
        "insertions": 0,
        "deletions": 0,
        "date": "2019-03-19",
        "commitResults": []
      },
      {
        "insertions": 0,
        "deletions": 0,
        "date": "2019-03-20",
        "commitResults": []
      },
      {
        "insertions": 0,
        "deletions": 0,
        "date": "2019-03-21",
        "commitResults": []
      },
      {
        "insertions": 0,
        "deletions": 0,
        "date": "2019-03-22",
        "commitResults": []
      },
      {
        "insertions": 0,
        "deletions": 0,
        "date": "2019-03-23",
        "commitResults": []
      },
      {
        "insertions": 0,
        "deletions": 0,
        "date": "2019-03-24",
        "commitResults": []
      },
      {
        "insertions": 0,
        "deletions": 0,
        "date": "2019-03-25",
        "commitResults": []
      },
      {
        "insertions": 0,
        "deletions": 0,
        "date": "2019-03-26",
        "commitResults": []
      },
      {
        "insertions": 0,
        "deletions": 0,
        "date": "2019-03-27",
        "commitResults": []
      },
      {
        "insertions": 0,
        "deletions": 0,
        "date": "2019-03-28",
        "commitResults": []
      },
      {
        "insertions": 0,
        "deletions": 0,
        "date": "2019-03-29",
        "commitResults": []
      },
      {
        "insertions": 0,
        "deletions": 0,
        "date": "2019-03-30",
        "commitResults": []
      },
      {
        "insertions": 0,
        "deletions": 0,
        "date": "2019-03-31",
        "commitResults": []
      },
      {
        "insertions": 0,
        "deletions": 0,
        "date": "2019-04-01",
        "commitResults": []
      },
      {
        "insertions": 0,
        "deletions": 0,
        "date": "2019-04-02",
        "commitResults": []
      },
      {
        "insertions": 0,
        "deletions": 0,
        "date": "2019-04-03",
        "commitResults": []
      },
      {
        "insertions": 0,
        "deletions": 0,
        "date": "2019-04-04",
        "commitResults": []
      },
      {
        "insertions": 0,
        "deletions": 0,
        "date": "2019-04-05",
        "commitResults": []
      },
      {
        "insertions": 0,
        "deletions": 0,
        "date": "2019-04-06",
        "commitResults": []
      },
      {
        "insertions": 0,
        "deletions": 0,
        "date": "2019-04-07",
        "commitResults": []
      },
      {
        "insertions": 0,
        "deletions": 0,
        "date": "2019-04-08",
        "commitResults": []
      },
      {
        "insertions": 0,
        "deletions": 0,
        "date": "2019-04-09",
        "commitResults": []
      }
    ],
    "ndhuu": [
      {
        "insertions": 0,
        "deletions": 0,
        "date": "2019-02-10",
        "commitResults": []
      },
      {
        "insertions": 0,
        "deletions": 0,
        "date": "2019-02-11",
        "commitResults": []
      },
      {
        "insertions": 0,
        "deletions": 0,
        "date": "2019-02-12",
        "commitResults": []
      },
      {
        "insertions": 0,
        "deletions": 0,
        "date": "2019-02-13",
        "commitResults": []
      },
      {
        "insertions": 0,
        "deletions": 0,
        "date": "2019-02-14",
        "commitResults": []
      },
      {
        "insertions": 0,
        "deletions": 0,
        "date": "2019-02-15",
        "commitResults": []
      },
      {
        "insertions": 0,
        "deletions": 0,
        "date": "2019-02-16",
        "commitResults": []
      },
      {
        "insertions": 0,
        "deletions": 0,
        "date": "2019-02-17",
        "commitResults": []
      },
      {
        "insertions": 0,
        "deletions": 0,
        "date": "2019-02-18",
        "commitResults": []
      },
      {
        "insertions": 0,
        "deletions": 0,
        "date": "2019-02-19",
        "commitResults": []
      },
      {
        "insertions": 0,
        "deletions": 0,
        "date": "2019-02-20",
        "commitResults": []
      },
      {
        "insertions": 0,
        "deletions": 0,
        "date": "2019-02-21",
        "commitResults": []
      },
      {
        "insertions": 0,
        "deletions": 0,
        "date": "2019-02-22",
        "commitResults": []
      },
      {
        "insertions": 0,
        "deletions": 0,
        "date": "2019-02-23",
        "commitResults": []
      },
      {
        "insertions": 0,
        "deletions": 0,
        "date": "2019-02-24",
        "commitResults": []
      },
      {
        "insertions": 0,
        "deletions": 0,
        "date": "2019-02-25",
        "commitResults": []
      },
      {
        "insertions": 53,
        "deletions": 45,
        "date": "2019-02-26",
        "commitResults": [
          {
            "hash": "b9600e1595c2d8856bc8ea580dd77db4dec337f5",
            "message": "updated users\u0027stories",
            "insertions": 53,
            "deletions": 45
          }
        ]
      },
      {
        "insertions": 0,
        "deletions": 0,
        "date": "2019-02-27",
        "commitResults": []
      },
      {
        "insertions": 60,
        "deletions": 343,
        "date": "2019-02-28",
        "commitResults": [
          {
            "hash": "243570665c44232fd3c94ff6d7b8c59a622b04b8",
            "message": "Update developer guide including related diagrams",
            "insertions": 60,
            "deletions": 343
          }
        ]
      },
      {
        "insertions": 0,
        "deletions": 0,
        "date": "2019-03-01",
        "commitResults": []
      },
      {
        "insertions": 0,
        "deletions": 0,
        "date": "2019-03-02",
        "commitResults": []
      },
      {
        "insertions": 290,
        "deletions": 3,
        "date": "2019-03-03",
        "commitResults": [
          {
            "hash": "2994f5672a40f11f59c1e2eab0e1ec934d64aefd",
            "message": "update Developer Guide with use cases",
            "insertions": 290,
            "deletions": 3
          }
        ]
      },
      {
        "insertions": 651,
        "deletions": 72,
        "date": "2019-03-04",
        "commitResults": [
          {
            "hash": "43c92b5b396cc1f65536a817e3542542da4eb87e",
            "message": "update dev guide",
            "insertions": 19,
            "deletions": 58
          },
          {
            "hash": "d5544228e5ccd6c2577d67ae1d319a7899be97ad",
            "message": "have beneficary class and addBeneficiary command ready",
            "insertions": 618,
            "deletions": 12
          },
          {
            "hash": "df935b96aa4adba29522182be7efdedd19598e43",
            "message": "resolve conflict with project version",
            "insertions": 13,
            "deletions": 0
          },
          {
            "hash": "ae5ea2aa0dc165a82a0dfd66db380e10cc06d010",
            "message": "solve some travis problem",
            "insertions": 0,
            "deletions": 1
          },
          {
            "hash": "0f21bed5faf3c7e8b9295152a78c82a7147cb351",
            "message": "solve some travis problem",
            "insertions": 1,
            "deletions": 1
          }
        ]
      },
      {
        "insertions": 0,
        "deletions": 0,
        "date": "2019-03-05",
        "commitResults": []
      },
      {
        "insertions": 0,
        "deletions": 0,
        "date": "2019-03-06",
        "commitResults": []
      },
      {
        "insertions": 0,
        "deletions": 0,
        "date": "2019-03-07",
        "commitResults": []
      },
      {
        "insertions": 0,
        "deletions": 0,
        "date": "2019-03-08",
        "commitResults": []
      },
      {
        "insertions": 0,
        "deletions": 0,
        "date": "2019-03-09",
        "commitResults": []
      },
      {
        "insertions": 112,
        "deletions": 3,
        "date": "2019-03-10",
        "commitResults": [
          {
            "hash": "d639b0217e8084ebda57e395f4fd832cca2822ae",
            "message": "change add command",
            "insertions": 13,
            "deletions": 0
          },
          {
            "hash": "17c9463ab7f06833f8986efac11b48c5ce7a7cc4",
            "message": "unfinished update beneficiary, compilable",
            "insertions": 99,
            "deletions": 3
          }
        ]
      },
      {
        "insertions": 0,
        "deletions": 0,
        "date": "2019-03-11",
        "commitResults": []
      },
      {
        "insertions": 0,
        "deletions": 0,
        "date": "2019-03-12",
        "commitResults": []
      },
      {
        "insertions": 423,
        "deletions": 423,
        "date": "2019-03-13",
        "commitResults": [
          {
            "hash": "3b5d284ff57350172e005cbbc3e48b638f257069",
            "message": "beneficirary command",
            "insertions": 213,
            "deletions": 210
          },
          {
            "hash": "baf2fecdc02cc32dd27d77196a520ed9138cd5a2",
            "message": "Revert \"beneficirary command\"",
            "insertions": 210,
            "deletions": 213
          }
        ]
      },
      {
        "insertions": 0,
        "deletions": 0,
        "date": "2019-03-14",
        "commitResults": []
      },
      {
        "insertions": 0,
        "deletions": 0,
        "date": "2019-03-15",
        "commitResults": []
      },
      {
        "insertions": 0,
        "deletions": 0,
        "date": "2019-03-16",
        "commitResults": []
      },
      {
        "insertions": 1621,
        "deletions": 582,
        "date": "2019-03-17",
        "commitResults": [
          {
            "hash": "621e221327a2a77a9418bfe97e86916ae03030de",
            "message": " update beneficiary\u0027s basic commands (add, edit, find, list, delete) only based on person (there\u0027s logic bug)",
            "insertions": 1157,
            "deletions": 153
          },
          {
            "hash": "c33574da48045b7aa2ab3fdf3008352507a79782",
            "message": "temporary old testing for beneficiary basic commands",
            "insertions": 64,
            "deletions": 29
          },
          {
            "hash": "6556391282b78dd49b798e8454924d1a3f76217f",
            "message": "no EOF prob with travis",
            "insertions": 4,
            "deletions": 5
          },
          {
            "hash": "a82ad2c7a8953e12f4b495f648faa9d938f202c0",
            "message": "fix coding style",
            "insertions": 355,
            "deletions": 317
          },
          {
            "hash": "e5592e768c5a5bdf976d9e23ca41cdc65e20315b",
            "message": "fix coding style",
            "insertions": 41,
            "deletions": 78
          }
        ]
      },
      {
        "insertions": 138,
        "deletions": 63,
        "date": "2019-03-18",
        "commitResults": [
          {
            "hash": "9ca148e017df9a769c0f4d269b3111f9abb456ae",
            "message": "fix coding style",
            "insertions": 35,
            "deletions": 22
          },
          {
            "hash": "484684566f6c74e2aca5e7b5aae37b5a6f3fa345",
            "message": "fix coding style",
            "insertions": 5,
            "deletions": 3
          },
          {
            "hash": "c9f173c6c11484e9fe91f7dc7a6622ac7b068afe",
            "message": "fix coding style",
            "insertions": 31,
            "deletions": 15
          },
          {
            "hash": "250d9d869ff5f1b3b1f7b695de50eb5b463e6e4f",
            "message": "fix coding style",
            "insertions": 1,
            "deletions": 1
          },
          {
            "hash": "264e6b283a1893d56c1307cbebad6ab8eadc5fb4",
            "message": "fix coding style",
            "insertions": 22,
            "deletions": 22
          },
          {
            "hash": "ee4eaac9ba04b60f5104cb393b70cb8e382916f1",
            "message": "Update DG, command line recommendation",
            "insertions": 44,
            "deletions": 0
          }
        ]
      },
      {
        "insertions": 1601,
        "deletions": 21,
        "date": "2019-03-19",
        "commitResults": [
          {
            "hash": "ca8dccdf30d2924546faee5700d7acf1bff1ed35",
            "message": "fix zander prob",
            "insertions": 1545,
            "deletions": 15
          },
          {
            "hash": "4ccd4b82561af11d4bed4a293a7b46f54401451b",
            "message": "update minor comments",
            "insertions": 4,
            "deletions": 4
          },
          {
            "hash": "c5e93a8efb86d7ee040133f4c74e1c5b4940fd43",
            "message": "Add delete beneficiary command parser",
            "insertions": 30,
            "deletions": 0
          },
          {
            "hash": "39e0cdebd5670fedfe9245a648806db2a51a06cc",
            "message": "Add the command line of beneficiary to the parser",
            "insertions": 22,
            "deletions": 2
          }
        ]
      },
      {
        "insertions": 0,
        "deletions": 0,
        "date": "2019-03-20",
        "commitResults": []
      },
      {
        "insertions": 0,
        "deletions": 0,
        "date": "2019-03-21",
        "commitResults": []
      },
      {
        "insertions": 268,
        "deletions": 32,
        "date": "2019-03-22",
        "commitResults": [
          {
            "hash": "4ee4ec09287e76caadc794520231098f731c4ccd",
            "message": "set basic UI and set beneficiary panel",
            "insertions": 220,
            "deletions": 1
          },
          {
            "hash": "7048539012ebc25935d33a69d7075611755df318",
            "message": "add panel Title, ongoing",
            "insertions": 14,
            "deletions": 8
          },
          {
            "hash": "75760825bd6fd5f1191c1195579441e9c966ceda",
            "message": "have label UI",
            "insertions": 19,
            "deletions": 10
          },
          {
            "hash": "257d596a1ef706dfd1e589619d0c6de745ddfdc9",
            "message": "Update storage of beneficiaries",
            "insertions": 15,
            "deletions": 13
          }
        ]
      },
      {
        "insertions": 0,
        "deletions": 0,
        "date": "2019-03-23",
        "commitResults": []
      },
      {
        "insertions": 54,
        "deletions": 0,
        "date": "2019-03-24",
        "commitResults": [
          {
            "hash": "e8e068d9e08f42d161b34b81bb2801674071ae90",
            "message": "Update the beneficiary logic on deletion",
            "insertions": 54,
            "deletions": 0
          }
        ]
      },
      {
        "insertions": 90,
        "deletions": 11,
        "date": "2019-03-25",
        "commitResults": [
          {
            "hash": "828c438d7de8945459c492cf40e472a4492656a7",
            "message": "Update beneficiary for project title list",
            "insertions": 88,
            "deletions": 6
          },
          {
            "hash": "448c55d84de42094950a116b2284b50f08c3da0e",
            "message": "shift Ui text beneficiary out of beneficiary panel class",
            "insertions": 1,
            "deletions": 4
          },
          {
            "hash": "c3ad48f1a6ab1b8f9c3cfc97a6f23c426991f972",
            "message": "update after merge",
            "insertions": 1,
            "deletions": 1
          }
        ]
      },
      {
        "insertions": 139,
        "deletions": 38,
        "date": "2019-03-26",
        "commitResults": [
          {
            "hash": "c1e0f738cafb74d2344e8dfe22386432dc23f397",
            "message": "update UI for volunteer and beneficiary",
            "insertions": 101,
            "deletions": 25
          },
          {
            "hash": "43272bafe0880b93f69b9ffdc03d3dc02dc80527",
            "message": "volunteer strorage",
            "insertions": 15,
            "deletions": 1
          },
          {
            "hash": "1719e3a865cd1bf2df453e8e0b58ccc56fa1e5c9",
            "message": "fix volunteer storage problem",
            "insertions": 22,
            "deletions": 11
          },
          {
            "hash": "674070f6746b9e882dbbfab80421ec62dcad821a",
            "message": "fix volunteer storage problem",
            "insertions": 1,
            "deletions": 1
          }
        ]
      },
      {
        "insertions": 0,
        "deletions": 0,
        "date": "2019-03-27",
        "commitResults": []
      },
      {
        "insertions": 0,
        "deletions": 0,
        "date": "2019-03-28",
        "commitResults": []
      },
      {
        "insertions": 61,
        "deletions": 11,
        "date": "2019-03-29",
        "commitResults": [
          {
            "hash": "8eaae1e1abe4f1f683973c2b51346550eaaf35e2",
            "message": "update edit beneficiary",
            "insertions": 61,
            "deletions": 11
          }
        ]
      },
      {
        "insertions": 0,
        "deletions": 0,
        "date": "2019-03-30",
        "commitResults": []
      },
      {
        "insertions": 58,
        "deletions": 26,
        "date": "2019-03-31",
        "commitResults": [
          {
            "hash": "dbdcb3585a7fd4ad23784c46c8438486aac76f5f",
            "message": "fix Quinn assign bug",
            "insertions": 58,
            "deletions": 26
          }
        ]
      },
      {
        "insertions": 396,
        "deletions": 72,
        "date": "2019-04-01",
        "commitResults": [
          {
            "hash": "9f04ecb9042e5b6dd1c5511f022b3f04c7129c22",
            "message": "fix bug adding same beneficiary",
            "insertions": 15,
            "deletions": 23
          },
          {
            "hash": "c9d8f670e795b77299a511042eac2ea4dc64376c",
            "message": "Update add error message",
            "insertions": 3,
            "deletions": 2
          },
          {
            "hash": "50b5bb1be47c6cc1f46e51ee8ea515aec3de2f57",
            "message": "update edit beneficiary command to adopt project assigned",
            "insertions": 23,
            "deletions": 8
          },
          {
            "hash": "87b826c0f43e2cc436afd66a2c961ce5b97b8c40",
            "message": "Update doc",
            "insertions": 66,
            "deletions": 11
          },
          {
            "hash": "224ace7d672f89ade82e0b82d0d884bb985b0e36",
            "message": "try summary command",
            "insertions": 156,
            "deletions": 3
          },
          {
            "hash": "04b62ee1ecd49d10097087ab09465f484e54c3cf",
            "message": "new beneficiary summary command",
            "insertions": 115,
            "deletions": 12
          },
          {
            "hash": "f2785909f07c4822859f7c46f900e5bcfac6ca1f",
            "message": "fix after merge",
            "insertions": 11,
            "deletions": 13
          },
          {
            "hash": "b787ebddaf6d48a5f22c58ca46d5a6b4090fef30",
            "message": "fix zander problem AGAIN",
            "insertions": 7,
            "deletions": 0
          }
        ]
      },
      {
        "insertions": 26,
        "deletions": 8,
        "date": "2019-04-02",
        "commitResults": [
          {
            "hash": "534bfdf17ec10af252a770cc5b1d9cb3928025df",
            "message": "fix bug for assign command and add volunteer command",
            "insertions": 24,
            "deletions": 6
          },
          {
            "hash": "7455148a85849712dcc00d265273d53552301833",
            "message": "fix project storage problem",
            "insertions": 2,
            "deletions": 2
          }
        ]
      },
      {
        "insertions": 468,
        "deletions": 5224,
        "date": "2019-04-03",
        "commitResults": [
          {
            "hash": "c1135d480e9db67cc749cd0374bb3226461d3cf4",
            "message": "update PPP",
            "insertions": 72,
            "deletions": 12
          },
          {
            "hash": "8e0ac34196621561016f8fb5db663ecce946c054",
            "message": "update PPP",
            "insertions": 72,
            "deletions": 12
          },
          {
            "hash": "aa2e4068cb3e4a5356b2d0308868ee9c39e19b14",
            "message": "remove unrelated tests",
            "insertions": 34,
            "deletions": 2429
          },
          {
            "hash": "073b1cb4a35e2abbd5b42e06fe4d1ec65dd867ef",
            "message": "remove unrelated tests",
            "insertions": 34,
            "deletions": 2433
          },
          {
            "hash": "37a34ceb33994c74917856e2aaee496883e6bda9",
            "message": "fix checkstyle",
            "insertions": 128,
            "deletions": 169
          },
          {
            "hash": "d3c9f88298d263c59d99c8b217c4d3f881260c0f",
            "message": "fix checkstyle",
            "insertions": 128,
            "deletions": 169
          }
        ]
      },
      {
        "insertions": 6101,
        "deletions": 6013,
        "date": "2019-04-04",
        "commitResults": [
          {
            "hash": "069004313d1384fe617d0f8d3cfb407dd6900bbb",
            "message": "fix checkstyle",
            "insertions": 1551,
            "deletions": 1549
          },
          {
            "hash": "df6566b53f62653b67c92096f04c145ff8764848",
            "message": "fix checkstyle",
            "insertions": 1551,
            "deletions": 1549
          },
          {
            "hash": "49f80d56037dac4cffe2bad4556e0c8d6e3279ed",
            "message": "fix checkstyle",
            "insertions": 127,
            "deletions": 131
          },
          {
            "hash": "db89f61a75d2fc2867506cc529468c4963c1e773",
            "message": "fix checkstyle",
            "insertions": 127,
            "deletions": 131
          },
          {
            "hash": "54e9c90c941afd2bf71464529c95753a8e6f3a9e",
            "message": "fix checkstyle",
            "insertions": 1,
            "deletions": 1
          },
          {
            "hash": "b33a8647cbe8586ca38da25474523056cae7a43e",
            "message": "fix checkstyle",
            "insertions": 1,
            "deletions": 1
          },
          {
            "hash": "e8c9b400655b3d21fcd1960b11e35f92e2b8fa89",
            "message": "fix checkstyle",
            "insertions": 1020,
            "deletions": 1021
          },
          {
            "hash": "ecc848560dc96dd391f5b83873f15e6bf4b1dae9",
            "message": "fix checkstyle",
            "insertions": 1009,
            "deletions": 1010
          },
          {
            "hash": "ec10f238cd89ccfcaf4f92c355c8b62e88c22a87",
            "message": "fix checkstyle",
            "insertions": 252,
            "deletions": 252
          },
          {
            "hash": "704767b70f78f5c2c3110377644addc0bf5bd05e",
            "message": "fix checkstyle",
            "insertions": 252,
            "deletions": 252
          },
          {
            "hash": "bd12f2e4b42bfa14367af63d81c8b7ec35db8f43",
            "message": "fix checkstyle",
            "insertions": 30,
            "deletions": 27
          },
          {
            "hash": "d03c0c593e513ca1f5fef9c1fe29946f076e2920",
            "message": "fix checkstyle",
            "insertions": 30,
            "deletions": 27
          },
          {
            "hash": "0dd2a7d8b5c849364f656bdc2baca566ba6dbc39",
            "message": "fix checkstyle",
            "insertions": 1,
            "deletions": 1
          },
          {
            "hash": "a0519fb84b3a74fb5c20de4a80b5417e744dc636",
            "message": "fix checkstyle",
            "insertions": 1,
            "deletions": 1
          },
          {
            "hash": "192cdf541719233cb2cba112baf60aecf840d073",
            "message": "fix checkstyle",
            "insertions": 6,
            "deletions": 10
          },
          {
            "hash": "1f778ebe73bc7ca217bfae30c3103a77e9251e9f",
            "message": "fix checkstyle",
            "insertions": 6,
            "deletions": 10
          },
          {
            "hash": "b6838064223fffdd694b6d0902bd6bdc384b5b45",
            "message": "fix checkstyle",
            "insertions": 1,
            "deletions": 2
          },
          {
            "hash": "4d095a5681dbc5479bff7819d7fd8cc805ab6948",
            "message": "fix checkstyle",
            "insertions": 1,
            "deletions": 2
          },
          {
            "hash": "4b455da0e9d022943466c7b6e81fe49382aa212b",
            "message": "fix checkstyle",
            "insertions": 3,
            "deletions": 1
          },
          {
            "hash": "7f3a0646ad6e93d88d882e82c75c65d506931bd9",
            "message": "fix checkstyle",
            "insertions": 3,
            "deletions": 1
          },
          {
            "hash": "9911a2f014f57d78c7fe8dbb9131e5b221e28a40",
            "message": "fix checkstyle",
            "insertions": 57,
            "deletions": 12
          },
          {
            "hash": "b81387e5798bdd780fb1fcbc3f2c4c058975630a",
            "message": "fix checkstyle",
            "insertions": 57,
            "deletions": 12
          },
          {
            "hash": "291703a554ccaae238914a0d5dbb1cfd4d962c5e",
            "message": "fix checkstyle",
            "insertions": 6,
            "deletions": 4
          },
          {
            "hash": "b0748f57bc0f2a6d3fcf85bb161360fc4683dd83",
            "message": "fix checkstyle",
            "insertions": 6,
            "deletions": 4
          },
          {
            "hash": "8483915f70c09317e3431186a15ceb48b6081527",
            "message": "try PR coverage",
            "insertions": 1,
            "deletions": 1
          },
          {
            "hash": "4692d7083172f39f5364eb1516e72b3d2004ac95",
            "message": "try PR coverage",
            "insertions": 1,
            "deletions": 1
          }
        ]
      },
      {
        "insertions": 0,
        "deletions": 0,
        "date": "2019-04-05",
        "commitResults": []
      },
      {
        "insertions": 0,
        "deletions": 0,
        "date": "2019-04-06",
        "commitResults": []
      },
      {
        "insertions": 11,
        "deletions": 12,
        "date": "2019-04-07",
        "commitResults": [
          {
            "hash": "2865914fc1699a71f4f67873ebdfb5b2708b936f",
            "message": "add summarise command",
            "insertions": 11,
            "deletions": 12
          }
        ]
      },
      {
        "insertions": 113,
        "deletions": 52,
        "date": "2019-04-08",
        "commitResults": [
          {
            "hash": "009aa0edd3c90847a3a81d8b40d9cc1bb946ce34",
            "message": "add hard delete",
            "insertions": 60,
            "deletions": 15
          },
          {
            "hash": "b150c007a7bcd704403cef79856e897439415abe",
            "message": "fix exit bug",
            "insertions": 1,
            "deletions": 0
          },
          {
            "hash": "6392a2e01c80bbfd5fa86b3da79c2de064275779",
            "message": "make sure beneficiaries have diff name",
            "insertions": 6,
            "deletions": 5
          },
          {
            "hash": "282134371a83da2c2bc20c0fca091575e949106d",
            "message": "synchronize delete project command",
            "insertions": 16,
            "deletions": 0
          },
          {
            "hash": "1dfa320464cc764486f630c88f5a34e9724be300",
            "message": "improve code quality",
            "insertions": 14,
            "deletions": 4
          },
          {
            "hash": "10175ae3148c28dd7889bf48df91b87852cd931b",
            "message": "shorten command keyword",
            "insertions": 6,
            "deletions": 6
          },
          {
            "hash": "bca6eae070c4f21010057f57632bce9561f3a5d9",
            "message": "fix checkstyle",
            "insertions": 8,
            "deletions": 13
          },
          {
            "hash": "5d019e5fd25a93db481791f054a376ced0215b28",
            "message": "fix checkstyle",
            "insertions": 2,
            "deletions": 9
          }
        ]
      },
      {
        "insertions": 9,
        "deletions": 9,
        "date": "2019-04-09",
        "commitResults": [
          {
            "hash": "8b472c91ff893a04ecc66db57dc31168f43f8f29",
            "message": "Update pref",
            "insertions": 9,
            "deletions": 9
          }
        ]
      }
    ]
  },
  "authorFinalContributionMap": {
    "quinnzzzzz": 8,
    "articstranger": 696,
    "wongyuqi": 0,
    "ndhuu": 4238
  },
  "authorContributionVariance": {
    "quinnzzzzz": 0.06664758,
    "articstranger": 3999.9106,
    "wongyuqi": 0.0,
    "ndhuu": 3004907.8
  },
  "authorDisplayNameMap": {
    "quinnzzzzz": "ZHA... RU",
    "articstranger": "WON...EMY",
    "wongyuqi": "WON... QI",
    "ndhuu": "NGU...HUU"
  }
}
