{
  "authorDailyContributionsMap": {
    "frankquekch": [
      {
        "insertions": 0,
        "deletions": 0,
        "date": "2019-02-10",
        "commitResults": []
      },
      {
        "insertions": 0,
        "deletions": 0,
        "date": "2019-02-11",
        "commitResults": []
      },
      {
        "insertions": 0,
        "deletions": 0,
        "date": "2019-02-12",
        "commitResults": []
      },
      {
        "insertions": 0,
        "deletions": 0,
        "date": "2019-02-13",
        "commitResults": []
      },
      {
        "insertions": 0,
        "deletions": 0,
        "date": "2019-02-14",
        "commitResults": []
      },
      {
        "insertions": 16,
        "deletions": 14,
        "date": "2019-02-15",
        "commitResults": [
          {
            "hash": "9b7e60da032c5e8b7c99fd4325ccb65bf737c7e7",
            "message": "Updated User Guide",
            "insertions": 9,
            "deletions": 4
          },
          {
            "hash": "b2a01c197d8c0f1e676c0da9658567f6d31fd4a0",
            "message": "Modified Readme.adoc",
            "insertions": 3,
            "deletions": 6
          },
          {
            "hash": "f2ea0727a409a9c272751ff9d7f043fd0500c62c",
            "message": "Added Readme",
            "insertions": 4,
            "deletions": 4
          }
        ]
      },
      {
        "insertions": 0,
        "deletions": 0,
        "date": "2019-02-16",
        "commitResults": []
      },
      {
        "insertions": 0,
        "deletions": 0,
        "date": "2019-02-17",
        "commitResults": []
      },
      {
        "insertions": 0,
        "deletions": 0,
        "date": "2019-02-18",
        "commitResults": []
      },
      {
        "insertions": 0,
        "deletions": 0,
        "date": "2019-02-19",
        "commitResults": []
      },
      {
        "insertions": 12,
        "deletions": 4,
        "date": "2019-02-20",
        "commitResults": [
          {
            "hash": "366a028b7bed43da923a007f890c7e87a7f72013",
            "message": "Modify add function",
            "insertions": 12,
            "deletions": 4
          }
        ]
      },
      {
        "insertions": 1200,
        "deletions": 1224,
        "date": "2019-02-21",
        "commitResults": [
          {
            "hash": "e506273d01db39bfc83dfa95cf90df5a2678ef9c",
            "message": "Refactoring Person to Entry",
            "insertions": 1193,
            "deletions": 1211
          },
          {
            "hash": "7ee592d5cc7ca65a01256926d4429b8685fccf73",
            "message": "Working Refactoring:",
            "insertions": 7,
            "deletions": 13
          }
        ]
      },
      {
        "insertions": 954,
        "deletions": 957,
        "date": "2019-02-22",
        "commitResults": [
          {
            "hash": "aa9015856a9a8b40264f5c22d2477c443463a39d",
            "message": "Modified test cases",
            "insertions": 635,
            "deletions": 638
          },
          {
            "hash": "f56b6a9aa60ec945f3d7e35855cbac97b6e4d786",
            "message": "Modified test cases #2",
            "insertions": 319,
            "deletions": 319
          }
        ]
      },
      {
        "insertions": 407,
        "deletions": 380,
        "date": "2019-02-23",
        "commitResults": [
          {
            "hash": "11cfac22c9092f4a3531be97a4ec90aba27ea801",
            "message": "Changed to 3 parameter \u0026 added income/expense class",
            "insertions": 407,
            "deletions": 380
          }
        ]
      },
      {
        "insertions": 192,
        "deletions": 251,
        "date": "2019-02-24",
        "commitResults": [
          {
            "hash": "fd989531da1246d2118939499a0efae977705862",
            "message": "Edited test folders part1",
            "insertions": 192,
            "deletions": 251
          }
        ]
      },
      {
        "insertions": 30,
        "deletions": 57,
        "date": "2019-02-25",
        "commitResults": [
          {
            "hash": "16e7aa0033547648de195aa15602e263555af810",
            "message": "update test",
            "insertions": 30,
            "deletions": 57
          }
        ]
      },
      {
        "insertions": 0,
        "deletions": 0,
        "date": "2019-02-26",
        "commitResults": []
      },
      {
        "insertions": 40,
        "deletions": 40,
        "date": "2019-02-27",
        "commitResults": [
          {
            "hash": "cd00b5e1a21f86012b4de7d0363559936d5aef81",
            "message": "dg ug update",
            "insertions": 39,
            "deletions": 39
          },
          {
            "hash": "050edbf1df54d899eee2e8469cec107574bac430",
            "message": "update",
            "insertions": 1,
            "deletions": 1
          }
        ]
      },
      {
        "insertions": 0,
        "deletions": 0,
        "date": "2019-02-28",
        "commitResults": []
      },
      {
        "insertions": 0,
        "deletions": 0,
        "date": "2019-03-01",
        "commitResults": []
      },
      {
        "insertions": 0,
        "deletions": 0,
        "date": "2019-03-02",
        "commitResults": []
      },
      {
        "insertions": 0,
        "deletions": 0,
        "date": "2019-03-03",
        "commitResults": []
      },
      {
        "insertions": 0,
        "deletions": 0,
        "date": "2019-03-04",
        "commitResults": []
      },
      {
        "insertions": 0,
        "deletions": 0,
        "date": "2019-03-05",
        "commitResults": []
      },
      {
        "insertions": 0,
        "deletions": 0,
        "date": "2019-03-06",
        "commitResults": []
      },
      {
        "insertions": 3,
        "deletions": 3,
        "date": "2019-03-07",
        "commitResults": [
          {
            "hash": "a5c725532f46abab295d29116df4a0c2602cbc80",
            "message": "typo",
            "insertions": 3,
            "deletions": 3
          }
        ]
      },
      {
        "insertions": 81,
        "deletions": 6,
        "date": "2019-03-08",
        "commitResults": [
          {
            "hash": "fd29ebfdf203555228cabad899a54046816dfb6c",
            "message": "command assistance v1.0",
            "insertions": 69,
            "deletions": 1
          },
          {
            "hash": "ad7e93e7fde546839cc7442b24db83a95857655f",
            "message": "dg for commands ui support",
            "insertions": 12,
            "deletions": 5
          }
        ]
      },
      {
        "insertions": 0,
        "deletions": 0,
        "date": "2019-03-09",
        "commitResults": []
      },
      {
        "insertions": 259,
        "deletions": 24,
        "date": "2019-03-10",
        "commitResults": [
          {
            "hash": "6249990fe16fbc92d736c9814d3a8f398e310184",
            "message": "easy find of data",
            "insertions": 190,
            "deletions": 18
          },
          {
            "hash": "249f481c7417e45b559d2e7b80f400e7d70f676e",
            "message": "Update README.adoc",
            "insertions": 1,
            "deletions": 1
          },
          {
            "hash": "c5bd410e98f16c389d7d11af85d76fa0f0f59bae",
            "message": "Budgeter name update",
            "insertions": 1,
            "deletions": 1
          },
          {
            "hash": "a2f0ba6893597e41f613efeb085f41f0cc510f1c",
            "message": "efind",
            "insertions": 2,
            "deletions": 2
          },
          {
            "hash": "3b24803fcd9c8cb7dbfc7693c233d11525ef5018",
            "message": "command box suggestions update",
            "insertions": 5,
            "deletions": 2
          },
          {
            "hash": "f15c52bfbf3927d5c75b64ecab0b884ce845d101",
            "message": "ug dg update",
            "insertions": 60,
            "deletions": 0
          }
        ]
      },
      {
        "insertions": 0,
        "deletions": 0,
        "date": "2019-03-11",
        "commitResults": []
      },
      {
        "insertions": 0,
        "deletions": 0,
        "date": "2019-03-12",
        "commitResults": []
      },
      {
        "insertions": 0,
        "deletions": 0,
        "date": "2019-03-13",
        "commitResults": []
      },
      {
        "insertions": 0,
        "deletions": 0,
        "date": "2019-03-14",
        "commitResults": []
      },
      {
        "insertions": 0,
        "deletions": 0,
        "date": "2019-03-15",
        "commitResults": []
      },
      {
        "insertions": 0,
        "deletions": 0,
        "date": "2019-03-16",
        "commitResults": []
      },
      {
        "insertions": 0,
        "deletions": 0,
        "date": "2019-03-17",
        "commitResults": []
      },
      {
        "insertions": 3,
        "deletions": 8,
        "date": "2019-03-18",
        "commitResults": [
          {
            "hash": "3e9377aef4957d8550366cca6417e4d1aebe7424",
            "message": " solved some minor merge conflicts",
            "insertions": 3,
            "deletions": 8
          }
        ]
      },
      {
        "insertions": 101,
        "deletions": 2972,
        "date": "2019-03-19",
        "commitResults": [
          {
            "hash": "2229651263f27ee8bbf3c51edc5646ef42163ce7",
            "message": "Revert \"Added features and updated UserGuide and AboutUs\"",
            "insertions": 7,
            "deletions": 2920
          },
          {
            "hash": "a14cd4579f9a6530adf8811e3b6dda138373ad4f",
            "message": "filter",
            "insertions": 24,
            "deletions": 20
          },
          {
            "hash": "fa76998c4f07c8662a60a0e61c67c3349eec0e3b",
            "message": "Revert \"Editted value in cashflow to use float instead\"",
            "insertions": 10,
            "deletions": 11
          },
          {
            "hash": "68ff9ebda5f7d0f3cb1a0f606f60e4d17f26b9ca",
            "message": "filter",
            "insertions": 20,
            "deletions": 20
          },
          {
            "hash": "9281664960d4e08cfc046851c21b94ed03a2055e",
            "message": "filter command done",
            "insertions": 35,
            "deletions": 0
          },
          {
            "hash": "c2598001d0453df0dfc61cf827292dba496cc18b",
            "message": "dg:",
            "insertions": 5,
            "deletions": 1
          }
        ]
      },
      {
        "insertions": 0,
        "deletions": 0,
        "date": "2019-03-20",
        "commitResults": []
      },
      {
        "insertions": 43,
        "deletions": 2,
        "date": "2019-03-21",
        "commitResults": [
          {
            "hash": "1fda9de76751e01dd8286f594c5abf7afc19566d",
            "message": "ug",
            "insertions": 43,
            "deletions": 2
          }
        ]
      },
      {
        "insertions": 0,
        "deletions": 0,
        "date": "2019-03-22",
        "commitResults": []
      },
      {
        "insertions": 0,
        "deletions": 0,
        "date": "2019-03-23",
        "commitResults": []
      },
      {
        "insertions": 860,
        "deletions": 860,
        "date": "2019-03-24",
        "commitResults": [
          {
            "hash": "ea85bacc2045cb14f2e3a44c46174393056c41d7",
            "message": "Revert \"Display Feature\"",
            "insertions": 205,
            "deletions": 655
          },
          {
            "hash": "ca1912d8294186c2cc24c13f9527175e10d10b54",
            "message": "Revert \"Revert \"Display Feature\"\"",
            "insertions": 655,
            "deletions": 205
          }
        ]
      },
      {
        "insertions": 0,
        "deletions": 0,
        "date": "2019-03-25",
        "commitResults": []
      },
      {
        "insertions": 0,
        "deletions": 0,
        "date": "2019-03-26",
        "commitResults": []
      },
      {
        "insertions": 0,
        "deletions": 0,
        "date": "2019-03-27",
        "commitResults": []
      },
      {
        "insertions": 0,
        "deletions": 0,
        "date": "2019-03-28",
        "commitResults": []
      },
      {
        "insertions": 0,
        "deletions": 0,
        "date": "2019-03-29",
        "commitResults": []
      },
      {
        "insertions": 0,
        "deletions": 0,
        "date": "2019-03-30",
        "commitResults": []
      },
      {
        "insertions": 0,
        "deletions": 0,
        "date": "2019-03-31",
        "commitResults": []
      },
      {
        "insertions": 0,
        "deletions": 0,
        "date": "2019-04-01",
        "commitResults": []
      },
      {
        "insertions": 0,
        "deletions": 0,
        "date": "2019-04-02",
        "commitResults": []
      },
      {
        "insertions": 0,
        "deletions": 0,
        "date": "2019-04-03",
        "commitResults": []
      },
      {
        "insertions": 0,
        "deletions": 0,
        "date": "2019-04-04",
        "commitResults": []
      },
      {
        "insertions": 0,
        "deletions": 0,
        "date": "2019-04-05",
        "commitResults": []
      },
      {
        "insertions": 0,
        "deletions": 0,
        "date": "2019-04-06",
        "commitResults": []
      },
      {
        "insertions": 0,
        "deletions": 0,
        "date": "2019-04-07",
        "commitResults": []
      },
      {
        "insertions": 0,
        "deletions": 0,
        "date": "2019-04-08",
        "commitResults": []
      }
    ],
    "jacobhan": [
      {
        "insertions": 0,
        "deletions": 0,
        "date": "2019-02-10",
        "commitResults": []
      },
      {
        "insertions": 0,
        "deletions": 0,
        "date": "2019-02-11",
        "commitResults": []
      },
      {
        "insertions": 0,
        "deletions": 0,
        "date": "2019-02-12",
        "commitResults": []
      },
      {
        "insertions": 0,
        "deletions": 0,
        "date": "2019-02-13",
        "commitResults": []
      },
      {
        "insertions": 0,
        "deletions": 0,
        "date": "2019-02-14",
        "commitResults": []
      },
      {
        "insertions": 0,
        "deletions": 0,
        "date": "2019-02-15",
        "commitResults": []
      },
      {
        "insertions": 0,
        "deletions": 0,
        "date": "2019-02-16",
        "commitResults": []
      },
      {
        "insertions": 0,
        "deletions": 0,
        "date": "2019-02-17",
        "commitResults": []
      },
      {
        "insertions": 0,
        "deletions": 0,
        "date": "2019-02-18",
        "commitResults": []
      },
      {
        "insertions": 0,
        "deletions": 0,
        "date": "2019-02-19",
        "commitResults": []
      },
      {
        "insertions": 0,
        "deletions": 0,
        "date": "2019-02-20",
        "commitResults": []
      },
      {
        "insertions": 0,
        "deletions": 0,
        "date": "2019-02-21",
        "commitResults": []
      },
      {
        "insertions": 0,
        "deletions": 0,
        "date": "2019-02-22",
        "commitResults": []
      },
      {
        "insertions": 0,
        "deletions": 0,
        "date": "2019-02-23",
        "commitResults": []
      },
      {
        "insertions": 0,
        "deletions": 0,
        "date": "2019-02-24",
        "commitResults": []
      },
      {
        "insertions": 0,
        "deletions": 0,
        "date": "2019-02-25",
        "commitResults": []
      },
      {
        "insertions": 0,
        "deletions": 0,
        "date": "2019-02-26",
        "commitResults": []
      },
      {
        "insertions": 0,
        "deletions": 0,
        "date": "2019-02-27",
        "commitResults": []
      },
      {
        "insertions": 0,
        "deletions": 0,
        "date": "2019-02-28",
        "commitResults": []
      },
      {
        "insertions": 0,
        "deletions": 0,
        "date": "2019-03-01",
        "commitResults": []
      },
      {
        "insertions": 0,
        "deletions": 0,
        "date": "2019-03-02",
        "commitResults": []
      },
      {
        "insertions": 0,
        "deletions": 0,
        "date": "2019-03-03",
        "commitResults": []
      },
      {
        "insertions": 0,
        "deletions": 0,
        "date": "2019-03-04",
        "commitResults": []
      },
      {
        "insertions": 0,
        "deletions": 0,
        "date": "2019-03-05",
        "commitResults": []
      },
      {
        "insertions": 0,
        "deletions": 0,
        "date": "2019-03-06",
        "commitResults": []
      },
      {
        "insertions": 0,
        "deletions": 0,
        "date": "2019-03-07",
        "commitResults": []
      },
      {
        "insertions": 0,
        "deletions": 0,
        "date": "2019-03-08",
        "commitResults": []
      },
      {
        "insertions": 0,
        "deletions": 0,
        "date": "2019-03-09",
        "commitResults": []
      },
      {
        "insertions": 0,
        "deletions": 0,
        "date": "2019-03-10",
        "commitResults": []
      },
      {
        "insertions": 0,
        "deletions": 0,
        "date": "2019-03-11",
        "commitResults": []
      },
      {
        "insertions": 0,
        "deletions": 0,
        "date": "2019-03-12",
        "commitResults": []
      },
      {
        "insertions": 0,
        "deletions": 0,
        "date": "2019-03-13",
        "commitResults": []
      },
      {
        "insertions": 0,
        "deletions": 0,
        "date": "2019-03-14",
        "commitResults": []
      },
      {
        "insertions": 0,
        "deletions": 0,
        "date": "2019-03-15",
        "commitResults": []
      },
      {
        "insertions": 0,
        "deletions": 0,
        "date": "2019-03-16",
        "commitResults": []
      },
      {
        "insertions": 0,
        "deletions": 0,
        "date": "2019-03-17",
        "commitResults": []
      },
      {
        "insertions": 0,
        "deletions": 0,
        "date": "2019-03-18",
        "commitResults": []
      },
      {
        "insertions": 0,
        "deletions": 0,
        "date": "2019-03-19",
        "commitResults": []
      },
      {
        "insertions": 0,
        "deletions": 0,
        "date": "2019-03-20",
        "commitResults": []
      },
      {
        "insertions": 0,
        "deletions": 0,
        "date": "2019-03-21",
        "commitResults": []
      },
      {
        "insertions": 0,
        "deletions": 0,
        "date": "2019-03-22",
        "commitResults": []
      },
      {
        "insertions": 0,
        "deletions": 0,
        "date": "2019-03-23",
        "commitResults": []
      },
      {
        "insertions": 0,
        "deletions": 0,
        "date": "2019-03-24",
        "commitResults": []
      },
      {
        "insertions": 0,
        "deletions": 0,
        "date": "2019-03-25",
        "commitResults": []
      },
      {
        "insertions": 0,
        "deletions": 0,
        "date": "2019-03-26",
        "commitResults": []
      },
      {
        "insertions": 25,
        "deletions": 0,
        "date": "2019-03-27",
        "commitResults": [
          {
            "hash": "423dfec47228a3c22aade1cd0065490e8f985920",
            "message": "add reposense json file",
            "insertions": 25,
            "deletions": 0
          }
        ]
      },
      {
        "insertions": 0,
        "deletions": 0,
        "date": "2019-03-28",
        "commitResults": []
      },
      {
        "insertions": 0,
        "deletions": 0,
        "date": "2019-03-29",
        "commitResults": []
      },
      {
        "insertions": 0,
        "deletions": 0,
        "date": "2019-03-30",
        "commitResults": []
      },
      {
        "insertions": 0,
        "deletions": 0,
        "date": "2019-03-31",
        "commitResults": []
      },
      {
        "insertions": 0,
        "deletions": 0,
        "date": "2019-04-01",
        "commitResults": []
      },
      {
        "insertions": 341,
        "deletions": 2,
        "date": "2019-04-02",
        "commitResults": [
          {
            "hash": "74e573619452a628995e74cbc7d04b0f4fe1ae29",
            "message": "three commands",
            "insertions": 209,
            "deletions": 0
          },
          {
            "hash": "29e85beae0a8b8b076105759bd3cfaeae7a90e7f",
            "message": "get report total",
            "insertions": 132,
            "deletions": 2
          }
        ]
      },
      {
        "insertions": 0,
        "deletions": 0,
        "date": "2019-04-03",
        "commitResults": []
      },
      {
        "insertions": 165,
        "deletions": 17,
        "date": "2019-04-04",
        "commitResults": [
          {
            "hash": "bbad797e7a8b0d38c45a35cc0c9fa645db06838e",
            "message": "fixed bitcoin",
            "insertions": 165,
            "deletions": 17
          }
        ]
      },
      {
        "insertions": 0,
        "deletions": 0,
        "date": "2019-04-05",
        "commitResults": []
      },
      {
        "insertions": 208,
        "deletions": 26,
        "date": "2019-04-06",
        "commitResults": [
          {
            "hash": "7e2d188e381910a3f347a4e2d73a2d220afd1aae",
            "message": "fixed litecoin",
            "insertions": 153,
            "deletions": 12
          },
          {
            "hash": "61bc45d07fff646e07f01e77ee4b85fc066b007d",
            "message": "report for bitcoin",
            "insertions": 46,
            "deletions": 2
          },
          {
            "hash": "36ef398918fdb10dba5eff4701258b4667f68a5c",
            "message": "fix bugs",
            "insertions": 9,
            "deletions": 12
          }
        ]
      },
      {
        "insertions": 7,
        "deletions": 7,
        "date": "2019-04-07",
        "commitResults": [
          {
            "hash": "c0309a1cc5029aee8165d99057dd8e93d86fb7ad",
            "message": "fixing api call",
            "insertions": 7,
            "deletions": 7
          }
        ]
      },
      {
        "insertions": 88,
        "deletions": 25,
        "date": "2019-04-08",
        "commitResults": [
          {
            "hash": "1fd608a91918cc7a8e93eb8c049503ff1f2bed7d",
            "message": "added stock command",
            "insertions": 88,
            "deletions": 25
          }
        ]
      }
    ],
    "ngkaicong": [
      {
        "insertions": 0,
        "deletions": 0,
        "date": "2019-02-10",
        "commitResults": []
      },
      {
        "insertions": 0,
        "deletions": 0,
        "date": "2019-02-11",
        "commitResults": []
      },
      {
        "insertions": 0,
        "deletions": 0,
        "date": "2019-02-12",
        "commitResults": []
      },
      {
        "insertions": 0,
        "deletions": 0,
        "date": "2019-02-13",
        "commitResults": []
      },
      {
        "insertions": 0,
        "deletions": 0,
        "date": "2019-02-14",
        "commitResults": []
      },
      {
        "insertions": 0,
        "deletions": 0,
        "date": "2019-02-15",
        "commitResults": []
      },
      {
        "insertions": 0,
        "deletions": 0,
        "date": "2019-02-16",
        "commitResults": []
      },
      {
        "insertions": 0,
        "deletions": 0,
        "date": "2019-02-17",
        "commitResults": []
      },
      {
        "insertions": 0,
        "deletions": 0,
        "date": "2019-02-18",
        "commitResults": []
      },
      {
        "insertions": 0,
        "deletions": 0,
        "date": "2019-02-19",
        "commitResults": []
      },
      {
        "insertions": 0,
        "deletions": 0,
        "date": "2019-02-20",
        "commitResults": []
      },
      {
        "insertions": 0,
        "deletions": 0,
        "date": "2019-02-21",
        "commitResults": []
      },
      {
        "insertions": 0,
        "deletions": 0,
        "date": "2019-02-22",
        "commitResults": []
      },
      {
        "insertions": 0,
        "deletions": 0,
        "date": "2019-02-23",
        "commitResults": []
      },
      {
        "insertions": 0,
        "deletions": 0,
        "date": "2019-02-24",
        "commitResults": []
      },
      {
        "insertions": 0,
        "deletions": 0,
        "date": "2019-02-25",
        "commitResults": []
      },
      {
        "insertions": 0,
        "deletions": 0,
        "date": "2019-02-26",
        "commitResults": []
      },
      {
        "insertions": 0,
        "deletions": 0,
        "date": "2019-02-27",
        "commitResults": []
      },
      {
        "insertions": 0,
        "deletions": 0,
        "date": "2019-02-28",
        "commitResults": []
      },
      {
        "insertions": 0,
        "deletions": 0,
        "date": "2019-03-01",
        "commitResults": []
      },
      {
        "insertions": 0,
        "deletions": 0,
        "date": "2019-03-02",
        "commitResults": []
      },
      {
        "insertions": 0,
        "deletions": 0,
        "date": "2019-03-03",
        "commitResults": []
      },
      {
        "insertions": 0,
        "deletions": 0,
        "date": "2019-03-04",
        "commitResults": []
      },
      {
        "insertions": 0,
        "deletions": 0,
        "date": "2019-03-05",
        "commitResults": []
      },
      {
        "insertions": 0,
        "deletions": 0,
        "date": "2019-03-06",
        "commitResults": []
      },
      {
        "insertions": 0,
        "deletions": 0,
        "date": "2019-03-07",
        "commitResults": []
      },
      {
        "insertions": 0,
        "deletions": 0,
        "date": "2019-03-08",
        "commitResults": []
      },
      {
        "insertions": 0,
        "deletions": 0,
        "date": "2019-03-09",
        "commitResults": []
      },
      {
        "insertions": 0,
        "deletions": 0,
        "date": "2019-03-10",
        "commitResults": []
      },
      {
        "insertions": 0,
        "deletions": 0,
        "date": "2019-03-11",
        "commitResults": []
      },
      {
        "insertions": 0,
        "deletions": 0,
        "date": "2019-03-12",
        "commitResults": []
      },
      {
        "insertions": 0,
        "deletions": 0,
        "date": "2019-03-13",
        "commitResults": []
      },
      {
        "insertions": 0,
        "deletions": 0,
        "date": "2019-03-14",
        "commitResults": []
      },
      {
        "insertions": 0,
        "deletions": 0,
        "date": "2019-03-15",
        "commitResults": []
      },
      {
        "insertions": 0,
        "deletions": 0,
        "date": "2019-03-16",
        "commitResults": []
      },
      {
        "insertions": 0,
        "deletions": 0,
        "date": "2019-03-17",
        "commitResults": []
      },
      {
        "insertions": 0,
        "deletions": 0,
        "date": "2019-03-18",
        "commitResults": []
      },
      {
        "insertions": 0,
        "deletions": 0,
        "date": "2019-03-19",
        "commitResults": []
      },
      {
        "insertions": 0,
        "deletions": 0,
        "date": "2019-03-20",
        "commitResults": []
      },
      {
        "insertions": 0,
        "deletions": 0,
        "date": "2019-03-21",
        "commitResults": []
      },
      {
        "insertions": 0,
        "deletions": 0,
        "date": "2019-03-22",
        "commitResults": []
      },
      {
        "insertions": 0,
        "deletions": 0,
        "date": "2019-03-23",
        "commitResults": []
      },
      {
        "insertions": 0,
        "deletions": 0,
        "date": "2019-03-24",
        "commitResults": []
      },
      {
        "insertions": 0,
        "deletions": 0,
        "date": "2019-03-25",
        "commitResults": []
      },
      {
        "insertions": 0,
        "deletions": 0,
        "date": "2019-03-26",
        "commitResults": []
      },
      {
        "insertions": 0,
        "deletions": 0,
        "date": "2019-03-27",
        "commitResults": []
      },
      {
        "insertions": 0,
        "deletions": 0,
        "date": "2019-03-28",
        "commitResults": []
      },
      {
        "insertions": 0,
        "deletions": 0,
        "date": "2019-03-29",
        "commitResults": []
      },
      {
        "insertions": 0,
        "deletions": 0,
        "date": "2019-03-30",
        "commitResults": []
      },
      {
        "insertions": 0,
        "deletions": 0,
        "date": "2019-03-31",
        "commitResults": []
      },
      {
        "insertions": 0,
        "deletions": 0,
        "date": "2019-04-01",
        "commitResults": []
      },
      {
        "insertions": 0,
        "deletions": 0,
        "date": "2019-04-02",
        "commitResults": []
      },
      {
        "insertions": 0,
        "deletions": 0,
        "date": "2019-04-03",
        "commitResults": []
      },
      {
        "insertions": 0,
        "deletions": 0,
        "date": "2019-04-04",
        "commitResults": []
      },
      {
        "insertions": 0,
        "deletions": 0,
        "date": "2019-04-05",
        "commitResults": []
      },
      {
        "insertions": 0,
        "deletions": 0,
        "date": "2019-04-06",
        "commitResults": []
      },
      {
        "insertions": 0,
        "deletions": 0,
        "date": "2019-04-07",
        "commitResults": []
      },
      {
        "insertions": 0,
        "deletions": 0,
        "date": "2019-04-08",
        "commitResults": []
      }
    ],
    "yushao2": [
      {
        "insertions": 0,
        "deletions": 0,
        "date": "2019-02-10",
        "commitResults": []
      },
      {
        "insertions": 0,
        "deletions": 0,
        "date": "2019-02-11",
        "commitResults": []
      },
      {
        "insertions": 0,
        "deletions": 0,
        "date": "2019-02-12",
        "commitResults": []
      },
      {
        "insertions": 0,
        "deletions": 0,
        "date": "2019-02-13",
        "commitResults": []
      },
      {
        "insertions": 0,
        "deletions": 0,
        "date": "2019-02-14",
        "commitResults": []
      },
      {
        "insertions": 0,
        "deletions": 0,
        "date": "2019-02-15",
        "commitResults": []
      },
      {
        "insertions": 0,
        "deletions": 0,
        "date": "2019-02-16",
        "commitResults": []
      },
      {
        "insertions": 0,
        "deletions": 0,
        "date": "2019-02-17",
        "commitResults": []
      },
      {
        "insertions": 0,
        "deletions": 0,
        "date": "2019-02-18",
        "commitResults": []
      },
      {
        "insertions": 0,
        "deletions": 0,
        "date": "2019-02-19",
        "commitResults": []
      },
      {
        "insertions": 0,
        "deletions": 0,
        "date": "2019-02-20",
        "commitResults": []
      },
      {
        "insertions": 0,
        "deletions": 0,
        "date": "2019-02-21",
        "commitResults": []
      },
      {
        "insertions": 0,
        "deletions": 0,
        "date": "2019-02-22",
        "commitResults": []
      },
      {
        "insertions": 0,
        "deletions": 0,
        "date": "2019-02-23",
        "commitResults": []
      },
      {
        "insertions": 0,
        "deletions": 0,
        "date": "2019-02-24",
        "commitResults": []
      },
      {
        "insertions": 0,
        "deletions": 0,
        "date": "2019-02-25",
        "commitResults": []
      },
      {
        "insertions": 0,
        "deletions": 0,
        "date": "2019-02-26",
        "commitResults": []
      },
      {
        "insertions": 0,
        "deletions": 0,
        "date": "2019-02-27",
        "commitResults": []
      },
      {
        "insertions": 0,
        "deletions": 0,
        "date": "2019-02-28",
        "commitResults": []
      },
      {
        "insertions": 0,
        "deletions": 0,
        "date": "2019-03-01",
        "commitResults": []
      },
      {
        "insertions": 0,
        "deletions": 0,
        "date": "2019-03-02",
        "commitResults": []
      },
      {
        "insertions": 0,
        "deletions": 0,
        "date": "2019-03-03",
        "commitResults": []
      },
      {
        "insertions": 0,
        "deletions": 0,
        "date": "2019-03-04",
        "commitResults": []
      },
      {
        "insertions": 0,
        "deletions": 0,
        "date": "2019-03-05",
        "commitResults": []
      },
      {
        "insertions": 0,
        "deletions": 0,
        "date": "2019-03-06",
        "commitResults": []
      },
      {
        "insertions": 0,
        "deletions": 0,
        "date": "2019-03-07",
        "commitResults": []
      },
      {
        "insertions": 0,
        "deletions": 0,
        "date": "2019-03-08",
        "commitResults": []
      },
      {
        "insertions": 0,
        "deletions": 0,
        "date": "2019-03-09",
        "commitResults": []
      },
      {
        "insertions": 0,
        "deletions": 0,
        "date": "2019-03-10",
        "commitResults": []
      },
      {
        "insertions": 0,
        "deletions": 0,
        "date": "2019-03-11",
        "commitResults": []
      },
      {
        "insertions": 0,
        "deletions": 0,
        "date": "2019-03-12",
        "commitResults": []
      },
      {
        "insertions": 0,
        "deletions": 0,
        "date": "2019-03-13",
        "commitResults": []
      },
      {
        "insertions": 0,
        "deletions": 0,
        "date": "2019-03-14",
        "commitResults": []
      },
      {
        "insertions": 0,
        "deletions": 0,
        "date": "2019-03-15",
        "commitResults": []
      },
      {
        "insertions": 0,
        "deletions": 0,
        "date": "2019-03-16",
        "commitResults": []
      },
      {
        "insertions": 0,
        "deletions": 0,
        "date": "2019-03-17",
        "commitResults": []
      },
      {
        "insertions": 0,
        "deletions": 0,
        "date": "2019-03-18",
        "commitResults": []
      },
      {
        "insertions": 0,
        "deletions": 0,
        "date": "2019-03-19",
        "commitResults": []
      },
      {
        "insertions": 0,
        "deletions": 0,
        "date": "2019-03-20",
        "commitResults": []
      },
      {
        "insertions": 0,
        "deletions": 0,
        "date": "2019-03-21",
        "commitResults": []
      },
      {
        "insertions": 0,
        "deletions": 0,
        "date": "2019-03-22",
        "commitResults": []
      },
      {
        "insertions": 0,
        "deletions": 0,
        "date": "2019-03-23",
        "commitResults": []
      },
      {
        "insertions": 0,
        "deletions": 0,
        "date": "2019-03-24",
        "commitResults": []
      },
      {
        "insertions": 0,
        "deletions": 0,
        "date": "2019-03-25",
        "commitResults": []
      },
      {
        "insertions": 89,
        "deletions": 11,
        "date": "2019-03-26",
        "commitResults": [
          {
            "hash": "b889efca40ab8fa0c63e3d5757ba3e00d51270c5",
            "message": "Added logic and predicates for report command",
            "insertions": 89,
            "deletions": 11
          }
        ]
      },
      {
        "insertions": 34,
        "deletions": 22,
        "date": "2019-03-27",
        "commitResults": [
          {
            "hash": "eeb1b4f9835a5ae1c4c67674ae89f9d305ff2e8d",
            "message": "ReportCommand base functionality working",
            "insertions": 34,
            "deletions": 22
          }
        ]
      },
      {
        "insertions": 117,
        "deletions": 42,
        "date": "2019-03-28",
        "commitResults": [
          {
            "hash": "ccca82033eeed38dec76609e002961e6c0597f7f",
            "message": "Made changes to some of the logic",
            "insertions": 76,
            "deletions": 5
          },
          {
            "hash": "d2c938907134bb5090eb8b10f05f6297a5db30ea",
            "message": "Added functionality of report, TODO: Make GUI for it",
            "insertions": 41,
            "deletions": 6
          },
          {
            "hash": "4c659d9fe5993e18a2e8a5c4ea7e219000fa5ec6",
            "message": "Removed redundant files",
            "insertions": 0,
            "deletions": 31
          }
        ]
      },
      {
        "insertions": 0,
        "deletions": 0,
        "date": "2019-03-29",
        "commitResults": []
      },
      {
        "insertions": 0,
        "deletions": 0,
        "date": "2019-03-30",
        "commitResults": []
      },
      {
        "insertions": 200,
        "deletions": 14,
        "date": "2019-03-31",
        "commitResults": [
          {
            "hash": "b55c473b68a29beba451730fd213aef50d2a6b73",
            "message": "Added Pie Chart Window for report",
            "insertions": 200,
            "deletions": 14
          }
        ]
      },
      {
        "insertions": 153,
        "deletions": 25,
        "date": "2019-04-01",
        "commitResults": [
          {
            "hash": "d287be64093afb720de0a9cb255593c104adfbf5",
            "message": "Fixed some bugs, improved UI for report",
            "insertions": 40,
            "deletions": 22
          },
          {
            "hash": "129ffb5cb64bfb85d3063a2e109b41b79f78dd9f",
            "message": "Added new pie charts to give insights to expense and income",
            "insertions": 113,
            "deletions": 3
          }
        ]
      },
      {
        "insertions": 0,
        "deletions": 0,
        "date": "2019-04-02",
        "commitResults": []
      },
      {
        "insertions": 0,
        "deletions": 0,
        "date": "2019-04-03",
        "commitResults": []
      },
      {
        "insertions": 0,
        "deletions": 0,
        "date": "2019-04-04",
        "commitResults": []
      },
      {
        "insertions": 0,
        "deletions": 0,
        "date": "2019-04-05",
        "commitResults": []
      },
      {
        "insertions": 0,
        "deletions": 0,
        "date": "2019-04-06",
        "commitResults": []
      },
      {
        "insertions": 215,
        "deletions": 165,
        "date": "2019-04-07",
        "commitResults": [
          {
            "hash": "99d546c83f56fc5463b4541cfbffa64936f1a157",
            "message": "Editted report fn",
            "insertions": 70,
            "deletions": 45
          },
          {
            "hash": "7a9728d2bf2581c4693ce594b05b93b2d30cf8ec",
            "message": "Fixed unable to close app bug",
            "insertions": 1,
            "deletions": 2
          },
          {
            "hash": "9bfa69d7343e2ef49e8317b26e380723e51ac9f9",
            "message": "Checkstyle fixes",
            "insertions": 16,
            "deletions": 17
          },
          {
            "hash": "ca9541c437a116dfa3384a709073441cdef1ca89",
            "message": "Checkstyle fixes",
            "insertions": 128,
            "deletions": 101
          }
        ]
      },
      {
        "insertions": 2009,
        "deletions": 3453,
        "date": "2019-04-08",
        "commitResults": [
          {
            "hash": "8a74cc068e0ae5db02f8df2e5f17db7e7a2a2b72",
            "message": "Fixed report by removing bitcoin",
            "insertions": 7,
            "deletions": 8
          },
          {
            "hash": "6ada0ef5837489a285e23126901d363fa6c00961",
            "message": "Improved performance for the crypto commands -- reduced lagging",
            "insertions": 190,
            "deletions": 108
          },
          {
            "hash": "5addb8637e4ccc576dff04b009337b86ccef1316",
            "message": "Crypto Commands code cleanup",
            "insertions": 13,
            "deletions": 304
          },
          {
            "hash": "06e3b5a750feedcec887af7699e11848234dc6f7",
            "message": "Removed Incorrectly implemented features and tests",
            "insertions": 0,
            "deletions": 1154
          },
          {
            "hash": "629c2f874c12d11e455f4b3dbaf9fcff3b748457",
            "message": "Increased interval for crypto price refresh",
            "insertions": 1,
            "deletions": 1
          },
          {
            "hash": "9ff2ad2588774379b48dfd01177ad0c2c64aa6dc",
            "message": "fixed report command",
            "insertions": 1,
            "deletions": 0
          },
          {
            "hash": "3579f82558b48da22eb910c0e6192a34d867c9f0",
            "message": "fixed report command",
            "insertions": 0,
            "deletions": 1
          },
          {
            "hash": "7e92ffeb6544497893e40f40e2a2b7d6fa85449d",
            "message": "checkstyle fixes",
            "insertions": 68,
            "deletions": 142
          },
          {
            "hash": "fa56a158b1bd7114d08e1d4506b2bd4eefacdf21",
            "message": "checkstyle fix",
            "insertions": 2,
            "deletions": 2
          },
          {
            "hash": "7415129396f316933ae5802cc1b93ad83ccef4c3",
            "message": "Added on to DG",
            "insertions": 25,
            "deletions": 4
          },
          {
            "hash": "3c058a5921b53a5f9fa52620f2617130050c525c",
            "message": "Checkstyle fixes",
            "insertions": 20,
            "deletions": 23
          },
          {
            "hash": "4b7af1bc9d8d7963c41676b000fd4105b239ffb7",
            "message": "Refactored names",
            "insertions": 1680,
            "deletions": 1706
          },
          {
            "hash": "03a1882b72b2214398308a200fe21dac13050547",
            "message": "Added Seq Diagram for Report in DG",
            "insertions": 2,
            "deletions": 0
          }
        ]
      }
    ]
  },
  "authorFinalContributionMap": {
    "frankquekch": 2661,
    "jacobhan": 310,
    "ngkaicong": 0,
    "yushao2": 2550
  },
  "authorContributionVariance": {
    "frankquekch": 357976.8,
    "jacobhan": 3531.2068,
    "ngkaicong": 0.0,
    "yushao2": 506108.1
  },
  "authorDisplayNameMap": {
    "frankquekch": "DOM...HAO",
    "jacobhan": "HAN...WOO",
    "ngkaicong": "NG ...ONG",
    "yushao2": "PAN...HAO"
  }
}
